qemu-shell-sockdiag-open-close-smoke: start
qemu-shell-sockdiag-open-close-smoke: substitute=target-cargo-test-via-qemu-runner
qemu-shell-sockdiag-open-close-smoke: boundary=shell-visible exec /bin/sockdiag over VFS/userspace, TALOS_SOCKET open, process descriptor ownership, TALOS_CLOSE close/drop, waitpid, and laststatus
qemu-shell-sockdiag-open-close-smoke: shell-script=exec /bin/sockdiag -> waitpid -> laststatus -> exec /bin/sockdiag extra -> exec /bin/missingsock
qemu-shell-sockdiag-open-close-smoke: lifecycle=vfs-executable-lookup -> exec-open-read -> startup-abi -> TALOS_SOCKET(AF_INET,SOCK_STREAM,0) -> process-descriptor-socket -> TALOS_CLOSE -> backing-drop -> waitpid -> laststatus
qemu-shell-sockdiag-open-close-smoke: deterministic-controls=malformed-arguments,missing-vfs-identity,unsupported-domain,unsupported-type,unsupported-protocol,invalid-or-closed-descriptor,wrong-owner,descriptor-capacity,backing-capacity,scalar-dispatch-enotsup,bounded-syscall-vocabulary,pingdiag-regression
qemu-shell-sockdiag-open-close-smoke: cargo-test-filter=local_command_loop_execs_shell_visible_sockdiag_through_vfs_socket_syscalls

running 668 talos no_std tests
talos::allocator::tests::allocation_advances_with_alignment_and_updates_accounting ... ok
talos::allocator::tests::direct_global_allocator_style_smoke_preserves_accounting ... ok
talos::allocator::tests::fallible_allocation_reports_alignment_overflow_separately ... ok
talos::allocator::tests::fallible_allocation_reports_exhaustion_without_advancing ... ok
talos::allocator::tests::init_rejects_inconsistent_allocator_plan_contracts ... ok
talos::allocator::tests::init_state_tracks_allocator_bounds_and_capacity ... ok
talos::allocator::tests::oversized_allocation_returns_null_without_advancing ... ok
talos::allocator::tests::realloc_growth_allocates_new_region_and_preserves_prefix ... ok
talos::allocator::tests::uninitialized_allocation_returns_null ... ok
talos::arch::aarch64::exceptions::tests::diagnostic_marker_does_not_route_as_production_syscall ... ok
talos::arch::aarch64::exceptions::tests::irq_dispatch_stub_counts_and_records_context_without_frame ... ok
talos::arch::aarch64::exceptions::tests::irq_vector_classifier_names_irq_slots ... ok
talos::arch::aarch64::exceptions::tests::lower_aarch64_svc_zero_routes_through_syscall_dispatch ... ok
talos::arch::aarch64::exceptions::tests::unknown_syscall_routes_to_negative_enosys ... ok
talos::arch::aarch64::generic_timer::tests::first_smoke_delta_has_small_frequency_floor ... ok
talos::arch::aarch64::generic_timer::tests::monotonic_tick_counter_resets ... ok
talos::arch::aarch64::generic_timer::tests::periodic_tick_delta_can_be_configured ... ok
talos::arch::aarch64::generic_timer::tests::periodic_tick_policy_uses_centisecond_floor ... ok
talos::arch::aarch64::gicv2::tests::sgi_all_except_self_value_encodes_filter_and_intid ... ok
talos::arch::aarch64::gicv2::tests::sgi_target_list_value_encodes_intid_and_targets ... ok
talos::arch::aarch64::gicv2::tests::spurious_intid_matches_gicv2_architecture ... ok
talos::arch::aarch64::tests::irq_mask_state_records_masked_snapshot ... ok
talos::arch::aarch64::tests::irq_mask_state_records_unmasked_snapshot ... ok
talos::arch::aarch64::tests::mpidr_affinity_masks_non_affinity_bits ... ok
talos::arch::aarch64::tests::nested_irq_mask_restore_preserves_outer_masked_state ... ok
talos::device_tree::chosen::tests::device_tree_reads_chosen_bootargs ... ok
talos::device_tree::chosen::tests::device_tree_reads_chosen_initrd_range ... ok
talos::device_tree::memory::tests::device_tree_reads_memory_banks ... ok
talos::device_tree::memory::tests::device_tree_reads_memory_reservations ... ok
talos::device_tree::memory::tests::device_tree_reads_multiple_root_memory_nodes ... ok
talos::device_tree::memory::tests::device_tree_reads_reserved_memory_ranges ... ok
talos::device_tree::memory::tests::memory_cell_decoder_accepts_only_one_or_two_complete_cells ... ok
talos::device_tree::raw::tests::device_tree_reads_fdt_header ... ok
talos::device_tree::raw::tests::raw_fdt_helpers_bound_alignment_blocks_and_strings ... ok
talos::diagnostic_command::tests::dispatcher_lists_bounded_default_commands ... ok
talos::diagnostic_command::tests::dispatcher_propagates_response_sink_failure ... ok
talos::diagnostic_command::tests::dispatcher_reports_deterministic_status_without_posix_state ... ok
talos::diagnostic_command::tests::dispatcher_reports_unknown_parse_and_argument_errors ... ok
talos::diagnostic_command::tests::parser_accepts_completed_tty_line_tokens ... ok
talos::diagnostic_command::tests::parser_rejects_non_command_shell_syntax_and_bounds ... ok
talos::dma_cache::tests::driver_diagnostic_envelope_formats_accepted_executor_evidence ... ok
talos::dma_cache::tests::driver_diagnostic_envelope_rejects_line_coverage_overflow_and_completion_claims ... ok
talos::dma_cache::tests::driver_diagnostic_envelope_rejects_non_accepted_executor_and_missing_prerequisites ... ok
talos::dma_cache::tests::driver_diagnostic_envelope_rejects_unsupported_claims_and_missing_rejected_claims ... ok
talos::dma_cache::tests::maintenance_executor_accepts_invalidate_and_clean_invalidate_dispatch_vocabularies ... ok
talos::dma_cache::tests::maintenance_executor_dispatches_clean_sequence_and_formats_evidence ... ok
talos::dma_cache::tests::maintenance_executor_rejects_contract_classification_and_identity_bypass ... ok
talos::dma_cache::tests::maintenance_executor_rejects_line_coverage_overflow_and_range_mismatch ... ok
talos::dma_cache::tests::maintenance_executor_rejects_unsupported_operation_instruction_and_barrier ... ok
talos::dma_cache::tests::maintenance_sequence_derives_clean_instruction_barrier_and_evidence ... ok
talos::dma_cache::tests::maintenance_sequence_derives_invalidate_and_clean_invalidate_instructions ... ok
talos::dma_cache::tests::maintenance_sequence_rejects_non_accepted_sync_plan_and_descriptor_mismatch ... ok
talos::dma_cache::tests::maintenance_sequence_rejects_zero_mismatch_overflow_and_runtime_claims ... ok
talos::dma_cache::tests::small_diagnostic_plan_formats_accepted_envelope_and_rp1_dma_source_facts ... ok
talos::dma_cache::tests::small_diagnostic_plan_rejects_completion_and_driver_readiness_claims ... ok
talos::dma_cache::tests::small_diagnostic_plan_rejects_controller_source_and_policy_claims ... ok
talos::dma_cache::tests::small_diagnostic_plan_rejects_non_accepted_envelope_and_missing_prerequisites ... ok
talos::dma_cache::tests::small_diagnostic_visibility_report_formats_candidate_plan_evidence ... ok
talos::dma_cache::tests::small_diagnostic_visibility_report_formats_no_plan_control ... ok
talos::dma_cache::tests::small_diagnostic_visibility_report_rejects_overclaims ... ok
talos::dma_cache::tests::small_diagnostic_visibility_report_rejects_shape_and_plan_bypass ... ok
talos::dma_cache::tests::sync_plan_covers_unaligned_cpu_visible_range_with_cache_lines ... ok
talos::dma_cache::tests::sync_plan_derives_bidirectional_shared_clean_invalidate ... ok
talos::dma_cache::tests::sync_plan_derives_from_device_after_ownership_invalidate ... ok
talos::dma_cache::tests::sync_plan_derives_to_device_before_ownership_clean ... ok
talos::dma_cache::tests::sync_plan_rejects_non_accepted_descriptor_classification_inputs ... ok
talos::dma_cache::tests::sync_plan_rejects_overflow_unsupported_claims_and_boundary_pairs ... ok
talos::dma_cache::tests::translation_helpers_cover_ram_peripheral_range_and_overflow ... ok
talos::dma_cache::tests::valid_rp1_ram_window_descriptor_emits_local_static_evidence ... ok
talos::dma_cache::tests::validator_rejects_forbidden_cacheability_and_iommu_claims ... ok
talos::dma_cache::tests::validator_rejects_forbidden_reserved_and_high_memory_inputs ... ok
talos::dma_cache::tests::validator_rejects_owned_span_escape ... ok
talos::dma_cache::tests::validator_rejects_unaligned_descriptor ... ok
talos::early_format::tests::decimal_formatter_writes_zero_and_multi_digit_values ... ok
talos::early_format::tests::hex_formatter_uses_minimal_digits ... ok
talos::early_format::tests::hex_formatter_writes_full_width_u64_values ... ok
talos::initial_process_launch::tests::prepares_launch_plan_without_runnable_side_effects ... ok
talos::initial_process_launch::tests::rejects_activation_stack_and_scheduler_requests ... ok
talos::initial_process_launch::tests::rejects_bad_identity_before_publication ... ok
talos::initial_process_launch::tests::rejects_destroyed_inputs_without_partial_launch ... ok
talos::initial_process_launch::tests::rejects_entry_mismatch_as_not_executable ... ok
talos::initial_process_launch::tests::rejects_forbidden_entry_range ... ok
talos::initial_process_launch::tests::rejects_runnable_commit_without_partial_launch_or_publication ... ok
talos::initial_user_stack::tests::builds_initial_stack_plan_with_fixed_layout_and_accounting ... ok
talos::initial_user_stack::tests::capacity_exhaustion_releases_partial_stack_leases ... ok
talos::initial_user_stack::tests::records_minimal_argv_startup_payload_and_launch_binding_without_live_side_effects ... ok
talos::initial_user_stack::tests::rejects_already_stack_ready_launch_input_without_leasing ... ok
talos::initial_user_stack::tests::rejects_bad_stack_range_and_executable_permissions_without_leasing ... ok
talos::initial_user_stack::tests::rejects_image_overlap_without_leasing ... ok
talos::initial_user_stack::tests::rejects_live_launch_requests_without_partial_launch_or_publication ... ok
talos::initial_user_stack::tests::teardown_releases_only_stack_owned_leases_and_is_idempotent ... ok
talos::initramfs::tests::copy_faults_and_invalid_scratch_do_not_mutate_offsets_or_user_bytes ... ok
talos::initramfs::tests::descriptor_facing_read_rejects_directory_and_unsupported_objects ... ok
talos::initramfs::tests::descriptor_facing_read_reports_ebadf_before_copy_or_offset_mutation ... ok
talos::initramfs::tests::descriptor_reads_opened_files_and_duplicates_share_offset ... ok
talos::initramfs::tests::fixture_validates_root_and_unique_directory_entries ... ok
talos::initramfs::tests::lookup_reports_contract_error_precedence ... ok
talos::initramfs::tests::lookup_reports_root_directory_and_contract_files ... ok
talos::initramfs::tests::lookup_uses_accepted_path_normalization_from_root_and_cwd ... ok
talos::initramfs::tests::malformed_open_file_description_reports_einval ... ok
talos::initramfs::tests::open_regular_descriptor_attaches_file_description_to_lowest_fd ... ok
talos::initramfs::tests::open_regular_descriptor_rolls_back_file_description_on_descriptor_failure ... ok
talos::initramfs::tests::open_regular_file_rejects_directories_as_eisdir ... ok
talos::initramfs::tests::phase8_fixture_name_is_stable ... ok
talos::initramfs::tests::reads_are_short_only_at_fixture_eof ... ok
talos::initramfs::tests::regular_file_bytes_returns_immutable_init_fixture ... ok
talos::initramfs::tests::regular_file_kernel_reads_copy_bytes_advance_offset_and_report_eof ... ok
talos::initramfs::tests::regular_file_reads_copy_bytes_advance_offset_and_report_eof ... ok
talos::initramfs::tests::zero_length_file_and_zero_length_reads_do_not_mutate_offsets ... ok
talos::kernel_half_descriptor_image::tests::constructs_non_installed_descriptor_image_with_copied_lineage ... ok
talos::kernel_half_descriptor_image::tests::records_required_coverage_permissions_attributes_and_blockers ... ok
talos::kernel_half_descriptor_image::tests::records_ttbr1_image_intent_without_live_side_effects ... ok
talos::kernel_half_descriptor_image::tests::rejects_blocked_requests_without_partial_image ... ok
talos::kernel_half_descriptor_image::tests::rolls_back_lease_shortage_without_partial_image ... ok
talos::kernel_half_descriptor_image::tests::teardown_releases_model_owned_records_and_is_idempotent ... ok
talos::kernel_half_reachability::tests::builds_preflight_plan_with_copied_input_lineage ... ok
talos::kernel_half_reachability::tests::records_kernel_half_policy_without_live_side_effects ... ok
talos::kernel_half_reachability::tests::rejects_blocked_requests_without_partial_plan ... ok
talos::kernel_half_reachability::tests::rejects_identity_and_lineage_disagreements_before_publication ... ok
talos::kernel_half_reachability::tests::rolls_back_resource_exhaustion_without_partial_plan ... ok
talos::kernel_half_reachability::tests::teardown_releases_only_plan_local_lease_and_is_idempotent ... ok
talos::live_address_space_activation::tests::builds_preflight_plan_with_blocked_live_activation_fields ... ok
talos::live_address_space_activation::tests::records_required_kernel_reachability_without_live_side_effects ... ok
talos::live_address_space_activation::tests::rejects_identity_and_entry_disagreements_before_publication ... ok
talos::live_address_space_activation::tests::rejects_live_register_and_publication_requests_without_partial_activation ... ok
talos::live_address_space_activation::tests::rolls_back_resource_exhaustion_without_partial_activation ... ok
talos::live_address_space_activation::tests::teardown_releases_only_plan_local_lease_and_is_idempotent ... ok
talos::live_descriptor_image_installation::tests::installs_model_binding_with_copied_lineage_and_no_live_state ... ok
talos::live_descriptor_image_installation::tests::preserves_coverage_permissions_and_zero_side_effect_accounting ... ok
talos::live_descriptor_image_installation::tests::rejects_deterministic_cases_without_partial_installation ... ok
talos::live_descriptor_image_installation::tests::rejects_missing_destroyed_and_resource_exhaustion_without_leaks ... ok
talos::live_descriptor_image_installation::tests::teardown_clears_only_installation_record_and_is_idempotent ... ok
talos::live_translation_register_activation::tests::commits_model_activation_intent_with_copied_lineage_and_no_live_state ... ok
talos::live_translation_register_activation::tests::records_input_provenance_reachability_and_zero_side_effects ... ok
talos::live_translation_register_activation::tests::rejects_deterministic_cases_without_partial_activation ... ok
talos::live_translation_register_activation::tests::rejects_missing_destroyed_and_resource_exhaustion_without_leaks ... ok
talos::live_translation_register_activation::tests::teardown_clears_only_activation_record_and_is_idempotent ... ok
talos::local_command_loop::tests::local_command_loop_accepts_explicit_fd1_stdout_regular_file_aliases ... ok
talos::local_command_loop::tests::local_command_loop_append_creates_missing_stderr_volatile_regular_file ... ok
talos::local_command_loop::tests::local_command_loop_append_creates_missing_stdout_volatile_regular_file ... ok
talos::local_command_loop::tests::local_command_loop_appends_child_stderr_to_existing_volatile_regular_file ... ok
talos::local_command_loop::tests::local_command_loop_appends_child_stdout_to_existing_volatile_regular_file ... ok
talos::local_command_loop::tests::local_command_loop_applies_backspace_and_delete_before_dispatch ... ok
talos::local_command_loop::tests::local_command_loop_bounded_wait_consumes_delayed_userspace_stdin ... ok
talos::local_command_loop::tests::local_command_loop_cancels_partial_line_on_ctrl_c_before_next_dispatch ... ok
talos::local_command_loop::tests::local_command_loop_cats_banner_through_reusable_vfs_syscall_descriptor ... ok
talos::local_command_loop::tests::local_command_loop_cats_generated_manifest_through_vfs_syscall_descriptor ... ok
talos::local_command_loop::tests::local_command_loop_closes_child_stderr_only_for_one_exec ... ok
talos::local_command_loop::tests::local_command_loop_closes_child_stdout_only_for_one_exec ... ok
talos::local_command_loop::tests::local_command_loop_combines_readonly_stdin_and_volatile_stdout_redirection ... ok
talos::local_command_loop::tests::local_command_loop_dispatches_bare_ls_against_current_directory ... ok
talos::local_command_loop::tests::local_command_loop_dispatches_bounded_cat_banner ... ok
talos::local_command_loop::tests::local_command_loop_dispatches_bounded_literal_echo_tail ... ok
talos::local_command_loop::tests::local_command_loop_dispatches_bounded_ls_bin ... ok
talos::local_command_loop::tests::local_command_loop_dispatches_bounded_ls_root ... ok
talos::local_command_loop::tests::local_command_loop_dispatches_cat_banner_against_current_directory ... ok
talos::local_command_loop::tests::local_command_loop_dispatches_kernel_backed_echo_argument ... ok
talos::local_command_loop::tests::local_command_loop_dispatches_kernel_backed_help ... ok
talos::local_command_loop::tests::local_command_loop_dispatches_root_only_pwd ... ok
talos::local_command_loop::tests::local_command_loop_execs_absolute_vfs_program_with_literal_argv ... ok
talos::local_command_loop::tests::local_command_loop_execs_generated_root_executable_with_literal_argv ... ok
talos::local_command_loop::tests::local_command_loop_execs_init_through_vfs_launch_boundary ... ok
talos::local_command_loop::tests::local_command_loop_execs_minimal_stdout_to_stdin_pipeline ... ok
talos::local_command_loop::tests::local_command_loop_execs_non_init_absolute_vfs_program ... ok
talos::local_command_loop::tests::local_command_loop_execs_nonzero_status_vfs_program ... ok
talos::local_command_loop::tests::local_command_loop_execs_shell_visible_pingdiag_through_vfs_diagnostic_layers ... ok
talos::local_command_loop::tests::local_command_loop_execs_shell_visible_sockdiag_through_vfs_socket_syscalls ... ok
talos::local_command_loop::tests::local_command_loop_execs_userspace_stderr_fixture_through_fd2 ... ok
talos::local_command_loop::tests::local_command_loop_execs_userspace_stdin_fixture_through_fd0 ... ok
talos::local_command_loop::tests::local_command_loop_execs_userspace_stdout_fixture_through_fd1 ... ok
talos::local_command_loop::tests::local_command_loop_handles_empty_and_unknown_input_visibly ... ok
talos::local_command_loop::tests::local_command_loop_jobs_reports_background_accounting_record ... ok
talos::local_command_loop::tests::local_command_loop_keeps_stderr_out_of_stdout_pipeline ... ok
talos::local_command_loop::tests::local_command_loop_kills_partial_line_on_ctrl_u_before_dispatch ... ok
talos::local_command_loop::tests::local_command_loop_observes_last_process_status_from_lifecycle_record ... ok
talos::local_command_loop::tests::local_command_loop_pipes_child_stderr_after_dup_to_stdout ... ok
talos::local_command_loop::tests::local_command_loop_records_multiple_background_vfs_exec_jobs ... ok
talos::local_command_loop::tests::local_command_loop_redirects_child_stderr_to_dev_null_only_for_one_exec ... ok
talos::local_command_loop::tests::local_command_loop_redirects_child_stderr_to_inherited_stdout_fd ... ok
talos::local_command_loop::tests::local_command_loop_redirects_child_stderr_to_volatile_regular_file ... ok
talos::local_command_loop::tests::local_command_loop_redirects_child_stdin_from_dev_null_only_for_one_exec ... ok
talos::local_command_loop::tests::local_command_loop_redirects_child_stdin_from_readonly_regular_file_only_for_one_exec ... ok
talos::local_command_loop::tests::local_command_loop_redirects_child_stdout_to_dev_null_only_for_one_exec ... ok
talos::local_command_loop::tests::local_command_loop_redirects_child_stdout_to_inherited_stderr_fd ... ok
talos::local_command_loop::tests::local_command_loop_redirects_child_stdout_to_volatile_regular_file ... ok
talos::local_command_loop::tests::local_command_loop_redirects_pipeline_consumer_stdout_to_volatile_file ... ok
talos::local_command_loop::tests::local_command_loop_redirects_pipeline_producer_stdout_to_volatile_file ... ok
talos::local_command_loop::tests::local_command_loop_redirects_pipeline_stdout_away_to_stderr ... ok
talos::local_command_loop::tests::local_command_loop_redirects_stderr_to_arbitrary_tmp_basenames ... ok
talos::local_command_loop::tests::local_command_loop_redirects_stdout_to_arbitrary_tmp_basenames ... ok
talos::local_command_loop::tests::local_command_loop_rejects_arguments_for_non_echo_builtins ... ok
talos::local_command_loop::tests::local_command_loop_rejects_missing_and_non_executable_exec_targets ... ok
talos::local_command_loop::tests::local_command_loop_rejects_truncated_control_history ... ok
talos::local_command_loop::tests::local_command_loop_rejects_unsupported_explicit_file_output_aliases ... ok
talos::local_command_loop::tests::local_command_loop_rejects_unsupported_literal_exec_grammar ... ok
talos::local_command_loop::tests::local_command_loop_rejects_unsupported_pipeline_forms ... ok
talos::local_command_loop::tests::local_command_loop_rejects_unsupported_redirection_forms ... ok
talos::local_command_loop::tests::local_command_loop_reports_descriptor_backed_stdio ... ok
talos::local_command_loop::tests::local_command_loop_reports_generated_root_source_reason_in_tail_stable_position ... ok
talos::local_command_loop::tests::local_command_loop_reports_input_and_response_failures ... ok
talos::local_command_loop::tests::local_command_loop_reports_userspace_stdin_ctrl_d_terminal_eof ... ok
talos::local_command_loop::tests::local_command_loop_reports_userspace_stdin_no_data_through_fd0 ... ok
talos::local_command_loop::tests::local_command_loop_resolves_bare_exec_name_through_fixed_bin_lookup ... ok
talos::local_command_loop::tests::local_command_loop_tracks_bounded_current_directory ... ok
talos::local_command_loop::tests::local_command_loop_waitpid_consumes_vfs_exec_lifecycle_record ... ok
talos::local_command_loop::tests::local_command_status_names_are_stable_for_transcripts ... ok
talos::memory_map::layout::tests::conservative_candidate_excludes_page_rounded_firmware_initrd_range ... ok
talos::memory_map::layout::tests::conservative_candidate_fails_when_firmware_initrd_exhausts_low_tail ... ok
talos::memory_map::layout::tests::conservative_candidate_ignores_zero_sized_reserved_memory_ranges ... ok
talos::memory_map::layout::tests::conservative_candidate_respects_reported_reservation_tail ... ok
talos::memory_map::layout::tests::conservative_candidate_respects_reported_reserved_memory_ranges ... ok
talos::memory_map::layout::tests::conservative_candidate_uses_tail_after_kernel_and_dtb ... ok
talos::memory_map::page_frames::tests::bootstrap_allocator_plan_rejects_unaligned_empty_or_unmapped_spans ... ok
talos::memory_map::page_frames::tests::bootstrap_allocator_plan_uses_remaining_low_tail_frames ... ok
talos::memory_map::page_frames::tests::bootstrap_page_reservation_carves_from_seed_start ... ok
talos::memory_map::page_frames::tests::bootstrap_page_reservation_rejects_empty_or_consumed_seed ... ok
talos::memory_map::page_frames::tests::heap_expansion_policy_rejects_non_allocator_owned_source ... ok
talos::memory_map::page_frames::tests::heap_expansion_policy_uses_allocator_owned_low_tail_and_protects_reserved_frames ... ok
talos::memory_map::page_frames::tests::page_frame_ownership_contract_excludes_kernel_dtb_reservations_stack_and_tables ... ok
talos::memory_map::page_frames::tests::page_frame_ownership_contract_names_current_low_tail_partitions ... ok
talos::memory_map::page_frames::tests::page_frame_ownership_contract_rejects_mismatched_allocator_span ... ok
talos::memory_map::page_frames::tests::page_frame_reuse_allocator_allocates_frees_and_reuses_frame ... ok
talos::memory_map::page_frames::tests::page_frame_reuse_allocator_rejects_bad_metadata_contracts ... ok
talos::memory_map::page_frames::tests::page_frame_reuse_allocator_rejects_double_free_and_out_of_range_frame ... ok
talos::memory_map::page_frames::tests::page_frame_reuse_allocator_requires_metadata_outside_managed_frames ... ok
talos::memory_map::page_frames::tests::page_frame_seed_rejects_sub_page_usable_span ... ok
talos::memory_map::page_frames::tests::page_frame_seed_uses_page_aligned_usable_span ... ok
talos::memory_map::translation::tests::data_cache_enable_plan_requires_el2_active_mmu_and_icache ... ok
talos::memory_map::translation::tests::instruction_cache_enable_plan_requires_el2_and_active_mmu ... ok
talos::memory_map::translation::tests::populate_translation_tables_writes_expected_entries_and_counts ... ok
talos::memory_map::translation::tests::translation_register_plan_rejects_non_el2_or_bad_layout ... ok
talos::memory_map::translation::tests::translation_register_plan_reports_el2_no_enable_values ... ok
talos::memory_map::translation::tests::translation_table_descriptors_encode_table_normal_and_device_entries ... ok
talos::memory_map::translation::tests::translation_table_layout_rejects_too_small_reservation ... ok
talos::memory_map::translation::tests::translation_table_layout_uses_first_bootstrap_pages ... ok
talos::memory_map::translation::tests::translation_table_population_plan_reports_minimal_descriptor_shape ... ok
talos::network::tests::arp_cache_inserts_updates_misses_and_replaces_oldest_slots ... ok
talos::network::tests::arp_cache_learns_sender_from_valid_arp_requests_and_replies ... ok
talos::network::tests::arp_cache_rejects_malformed_or_unsupported_learning_without_state_change ... ok
talos::network::tests::arp_cache_zero_capacity_reports_no_capacity_without_state ... ok
talos::network::tests::arp_parser_accepts_ethernet_ipv4_request ... ok
talos::network::tests::arp_parser_rejects_truncated_and_mismatched_shapes ... ok
talos::network::tests::cache_aware_dispatch_learns_arp_reply_without_generating_a_reply ... ok
talos::network::tests::cache_aware_dispatch_learns_arp_request_and_preserves_reply_generation ... ok
talos::network::tests::cache_aware_dispatch_preserves_icmp_echo_without_arp_learning ... ok
talos::network::tests::cache_aware_dispatch_rejects_bad_arp_without_cache_mutation ... ok
talos::network::tests::cache_aware_poll_learns_arp_reply_without_transmit ... ok
talos::network::tests::cache_aware_poll_no_frame_leaves_cache_unchanged ... ok
talos::network::tests::cache_aware_poll_transmit_error_keeps_learned_sender ... ok
talos::network::tests::cache_aware_poll_transmits_arp_reply_and_learns_sender ... ok
talos::network::tests::dispatch_builds_arp_reply_for_local_ipv4_identity ... ok
talos::network::tests::dispatch_builds_icmp_echo_reply_with_valid_ipv4_and_icmp_checksums ... ok
talos::network::tests::dispatch_rejects_bad_icmp_checksum_unsupported_ethertype_and_small_icmp_output ... ok
talos::network::tests::dispatch_rejects_malformed_ipv4_icmp_protocols_and_fragments ... ok
talos::network::tests::dispatch_rejects_nonlocal_arp_and_small_arp_output_buffer ... ok
talos::network::tests::ethernet_parser_rejects_truncated_headers ... ok
talos::network::tests::ethernet_parser_splits_header_and_payload ... ok
talos::network::tests::integrated_single_ping_arps_unresolved_route_then_records_inflight_after_icmp_transmit ... ok
talos::network::tests::integrated_single_ping_preserves_inflight_on_duplicate_and_nonmatching_replies ... ok
talos::network::tests::integrated_single_ping_preserves_state_on_start_and_pending_error_boundaries ... ok
talos::network::tests::integrated_single_ping_retries_pending_arp_with_caller_owned_budget ... ok
talos::network::tests::integrated_single_ping_starts_resolved_route_and_completes_matching_reply ... ok
talos::network::tests::integrated_single_ping_timeout_and_status_are_caller_driven ... ok
talos::network::tests::ipv4_egress_route_policy_handles_zero_and_host_mask_boundaries ... ok
talos::network::tests::ipv4_egress_route_policy_reports_no_route_without_gateway ... ok
talos::network::tests::ipv4_egress_route_policy_uses_destination_for_same_subnet_next_hop ... ok
talos::network::tests::ipv4_egress_route_policy_uses_gateway_for_off_subnet_destination ... ok
talos::network::tests::ipv4_parser_accepts_header_and_payload ... ok
talos::network::tests::ipv4_parser_accepts_options_when_total_length_matches ... ok
talos::network::tests::ipv4_parser_rejects_malformed_headers ... ok
talos::network::tests::network_device_trait_moves_raw_frames_without_parsing ... ok
talos::network::tests::network_ping_descriptor_lifecycle_completes_unresolved_arp_to_echo_reply ... ok
talos::network::tests::network_ping_descriptor_maps_invalid_closed_capacity_and_busy_edges ... ok
talos::network::tests::network_ping_descriptor_maps_retry_timeout_and_io_errors ... ok
talos::network::tests::network_runtime_device_pump_advances_active_ping_from_arp_to_completed_status ... ok
talos::network::tests::network_runtime_device_pump_preserves_retry_timeout_and_terminal_observation ... ok
talos::network::tests::network_runtime_device_pump_prioritizes_local_reply_over_active_operation ... ok
talos::network::tests::network_runtime_device_pump_reports_local_and_active_transmit_errors ... ok
talos::network::tests::network_runtime_device_pump_reports_no_frame_receive_pressure_and_receive_error ... ok
talos::network::tests::network_runtime_device_pump_reports_nonlocal_no_reply_without_active_operation ... ok
talos::network::tests::network_runtime_device_pump_transmits_local_arp_reply_from_caller_buffers ... ok
talos::network::tests::network_runtime_device_pump_transmits_local_icmp_echo_reply_from_caller_buffers ... ok
talos::network::tests::outbound_arp_request_builds_complete_broadcast_request_frame ... ok
talos::network::tests::outbound_arp_request_composes_with_unresolved_neighbor_resolution_without_cache_mutation ... ok
talos::network::tests::outbound_arp_request_rejects_too_small_output_without_partial_frame ... ok
talos::network::tests::outbound_frame_construction_composes_with_cached_neighbor_resolution ... ok
talos::network::tests::outbound_frame_construction_rejects_too_small_output_without_partial_frame ... ok
talos::network::tests::outbound_frame_construction_rejects_unresolved_neighbor_without_side_effects ... ok
talos::network::tests::outbound_frame_construction_writes_resolved_neighbor_frame ... ok
talos::network::tests::outbound_ipv4_icmp_echo_request_builds_complete_resolved_neighbor_frame ... ok
talos::network::tests::outbound_ipv4_icmp_echo_request_composes_with_cached_resolution ... ok
talos::network::tests::outbound_ipv4_icmp_echo_request_rejects_payloads_too_large_for_ipv4 ... ok
talos::network::tests::outbound_ipv4_icmp_echo_request_rejects_small_output_without_partial_frame ... ok
talos::network::tests::outbound_ipv4_icmp_echo_request_rejects_unresolved_neighbor_without_side_effects ... ok
talos::network::tests::outbound_neighbor_resolution_returns_cached_mac_for_known_destination ... ok
talos::network::tests::outbound_neighbor_resolution_returns_destination_on_miss ... ok
talos::network::tests::outbound_neighbor_resolution_uses_updated_cache_entries ... ok
talos::network::tests::outbound_neighbor_resolution_zero_capacity_cache_is_deterministic_miss ... ok
talos::network::tests::outbound_one_shot_does_not_transmit_when_request_building_fails ... ok
talos::network::tests::outbound_one_shot_reports_transmit_error_after_successful_build ... ok
talos::network::tests::outbound_one_shot_transmits_arp_request_once_for_unresolved_neighbor ... ok
talos::network::tests::outbound_one_shot_transmits_icmp_request_once_for_resolved_neighbor ... ok
talos::network::tests::outbound_request_selection_builds_arp_for_unresolved_neighbor_without_cache_mutation ... ok
talos::network::tests::outbound_request_selection_builds_icmp_for_resolved_neighbor_without_cache_mutation ... ok
talos::network::tests::outbound_request_selection_rejects_resolved_buffer_pressure_without_partial_frame ... ok
talos::network::tests::outbound_request_selection_rejects_resolved_payloads_too_large_for_ipv4 ... ok
talos::network::tests::outbound_request_selection_rejects_unresolved_buffer_pressure_without_partial_frame ... ok
talos::network::tests::packet_queue_driver_pump_drains_outbound_before_polling_receive_fifo ... ok
talos::network::tests::packet_queue_driver_pump_reports_backpressure_and_device_errors_deterministically ... ok
talos::network::tests::pending_arp_reply_poll_advances_gateway_pending_to_single_icmp_transmit ... ok
talos::network::tests::pending_arp_reply_poll_distinguishes_no_pending_no_frame_and_receive_errors ... ok
talos::network::tests::pending_arp_reply_poll_preserves_pending_on_nonmatch_malformed_pressure_and_transmit_error ... ok
talos::network::tests::poll_step_distinguishes_no_reply_dispatch_and_transmit_errors ... ok
talos::network::tests::poll_step_distinguishes_receive_boundaries ... ok
talos::network::tests::poll_step_transmits_arp_reply_from_caller_owned_buffers ... ok
talos::network::tests::poll_step_transmits_icmp_echo_reply_from_caller_owned_buffers ... ok
talos::network::tests::qemu_substitute_single_ping_transaction_smoke_covers_lifecycle_and_retry_timeout ... ok
talos::network::tests::received_frame_keeps_device_movement_separate_from_protocol_parse ... ok
talos::network::tests::routed_outbound_selection_arps_for_unresolved_gateway_next_hop ... ok
talos::network::tests::routed_outbound_selection_reports_no_route_before_touching_output ... ok
talos::network::tests::routed_outbound_selection_resolves_gateway_mac_without_mutating_cache ... ok
talos::network::tests::routed_outbound_selection_wraps_frame_errors_without_cache_mutation ... ok
talos::network::tests::routed_single_pending_icmp_gateway_route_arps_gateway_and_transmits_to_final_destination ... ok
talos::network::tests::routed_single_pending_icmp_preserves_gateway_pending_on_nonmatching_arp ... ok
talos::network::tests::routed_single_pending_icmp_reports_no_route_without_pending_or_transmit ... ok
talos::network::tests::routed_single_pending_icmp_same_subnet_unresolved_arps_destination ... ok
talos::network::tests::single_inflight_icmp_echo_reply_observation_rejects_nonmatching_reply_fields ... ok
talos::network::tests::single_inflight_icmp_echo_reply_observation_reports_malformed_and_payload_pressure ... ok
talos::network::tests::single_inflight_icmp_echo_reply_poll_distinguishes_empty_and_receive_errors ... ok
talos::network::tests::single_inflight_icmp_echo_reply_poll_matches_and_clears_request ... ok
talos::network::tests::single_pending_arp_retry_reemits_stored_gateway_next_hop_and_decrements_budget ... ok
talos::network::tests::single_pending_arp_retry_reports_budget_exhaustion_without_clearing_pending ... ok
talos::network::tests::single_pending_arp_retry_reports_no_pending_buffer_pressure_and_transmit_error_boundaries ... ok
talos::network::tests::single_pending_icmp_can_advance_from_existing_cache_resolution ... ok
talos::network::tests::single_pending_icmp_matching_arp_reply_transmits_icmp_and_clears_pending ... ok
talos::network::tests::single_pending_icmp_reports_backpressure_without_replacing_pending_request ... ok
talos::network::tests::single_pending_icmp_reports_malformed_arp_and_transmit_errors_without_clearing_pending ... ok
talos::network::tests::single_pending_icmp_reports_no_pending_unresolved_and_nonmatching_arp_boundaries ... ok
talos::network::tests::single_pending_icmp_reports_payload_and_output_pressure_without_state_change ... ok
talos::network::tests::single_pending_icmp_unresolved_neighbor_transmits_arp_and_records_request ... ok
talos::network::tests::single_ping_packet_service_owns_one_transaction_lifecycle ... ok
talos::network::tests::single_ping_packet_service_preserves_state_across_edge_cases ... ok
talos::network::tests::userspace_ping_operation_completes_unresolved_arp_to_echo_reply ... ok
talos::network::tests::userspace_ping_operation_maps_busy_retry_timeout_and_io_errors ... ok
talos::posix::tests::absolute_dot_dot_clamps_above_root ... ok
talos::posix::tests::component_count_limit_maps_to_enametoolong ... ok
talos::posix::tests::component_longer_than_limit_maps_to_enametoolong ... ok
talos::posix::tests::copy_from_user_reads_complete_valid_range ... ok
talos::posix::tests::copy_to_user_writes_complete_valid_range ... ok
talos::posix::tests::copy_user_rejects_backing_storage_gaps_as_efault ... ok
talos::posix::tests::copy_user_rejects_invalid_user_ranges_as_efault ... ok
talos::posix::tests::copy_user_rejects_short_kernel_buffers_as_einval_without_side_effects ... ok
talos::posix::tests::copy_user_rejects_unmapped_no_access_and_permission_mismatch_as_efault ... ok
talos::posix::tests::copy_user_zero_length_succeeds_without_dereferencing_user_start ... ok
talos::posix::tests::default_limits_cover_normal_contract_paths ... ok
talos::posix::tests::descriptor_access_mismatch_maps_to_ebadf ... ok
talos::posix::tests::descriptor_allocate_at_rejects_invalid_or_occupied_target ... ok
talos::posix::tests::descriptor_allocate_uses_lowest_available_slot ... ok
talos::posix::tests::descriptor_dup_preserves_object_reference_and_separate_lifetime ... ok
talos::posix::tests::descriptor_flags_accept_known_bits_and_reject_unknown_bits ... ok
talos::posix::tests::descriptor_full_table_maps_allocate_and_dup_to_emfile ... ok
talos::posix::tests::descriptor_get_close_and_double_close_use_ebadf ... ok
talos::posix::tests::descriptor_object_kind_names_cover_reserved_future_kinds ... ok
talos::posix::tests::descriptor_reserved_operation_errors_are_deterministic ... ok
talos::posix::tests::dot_path_is_relative_current_directory ... ok
talos::posix::tests::embedded_nul_maps_to_einval ... ok
talos::posix::tests::empty_path_maps_to_enoent ... ok
talos::posix::tests::inherited_stdio_populates_process_local_reserved_descriptors ... ok
talos::posix::tests::inherited_stdio_requires_room_for_descriptors_zero_one_and_two ... ok
talos::posix::tests::path_longer_than_limit_maps_to_enametoolong ... ok
talos::posix::tests::posix_error_names_match_baseline_contract ... ok
talos::posix::tests::process_descriptor_close_failures_map_to_ebadf ... ok
talos::posix::tests::process_descriptor_close_reuses_lowest_slot_and_preserves_duplicates ... ok
talos::posix::tests::process_descriptor_close_stderr_follows_table_local_rule ... ok
talos::posix::tests::process_descriptor_close_stdout_blocks_descriptor_write_lookup ... ok
talos::posix::tests::process_descriptor_dup_failures_map_to_ebadf_or_emfile ... ok
talos::posix::tests::process_descriptor_lookup_failures_map_to_ebadf ... ok
talos::posix::tests::process_descriptor_owner_initializes_inherited_stdio_for_owner ... ok
talos::posix::tests::process_descriptor_store_dups_current_owner_descriptors ... ok
talos::posix::tests::process_descriptor_store_preserves_owner_and_table_errors ... ok
talos::posix::tests::process_descriptor_store_resolves_current_owner_table ... ok
talos::posix::tests::relative_current_directory_with_trailing_slash_requires_directory ... ok
talos::posix::tests::relative_dot_dot_cancels_previous_normal_component ... ok
talos::posix::tests::relative_leading_dot_dot_components_are_retained ... ok
talos::posix::tests::repeated_separators_and_dot_components_are_removed ... ok
talos::posix::tests::root_path_has_no_components ... ok
talos::posix::tests::storage_capacity_limit_maps_to_enametoolong ... ok
talos::posix::tests::trailing_slash_requires_directory_for_non_root_path ... ok
talos::posix::tests::user_access_accepts_contiguous_readable_ranges ... ok
talos::posix::tests::user_access_rejects_unmapped_and_guard_gaps_as_efault ... ok
talos::posix::tests::user_access_requires_matching_read_write_and_execute_permissions ... ok
talos::posix::tests::user_mapping_rejects_zero_length_and_null_guard_overlap ... ok
talos::posix::tests::user_range_rejects_null_guard_and_kernel_addresses_for_nonempty_ranges_as_efault ... ok
talos::posix::tests::user_range_rejects_wraparound_and_length_limit_as_efault ... ok
talos::process_address_space::tests::installs_process_address_space_with_preserved_permissions_and_leases ... ok
talos::process_address_space::tests::installs_readonly_data_pages_without_widening_permissions ... ok
talos::process_address_space::tests::rejects_bad_install_plan_before_leasing ... ok
talos::process_address_space::tests::rejects_null_guard_or_kernel_split_without_leasing ... ok
talos::process_address_space::tests::rejects_overlap_and_permission_widening_without_leasing ... ok
talos::process_address_space::tests::rolls_back_root_table_user_frame_mapping_and_copy_zero_failures ... ok
talos::process_address_space::tests::teardown_releases_owned_leases_in_order_and_is_idempotent ... ok
talos::process_install::tests::accepts_loader_readonly_data_segment_without_widening_permissions ... ok
talos::process_install::tests::derives_metadata_only_install_plan_from_fixture ... ok
talos::process_install::tests::rejects_bad_entry_without_partial_install ... ok
talos::process_install::tests::rejects_budget_overflow_without_partial_install ... ok
talos::process_install::tests::rejects_missing_segment_slot_without_partial_install ... ok
talos::process_install::tests::rejects_overlapping_pages_without_partial_install ... ok
talos::process_install::tests::rejects_permission_widening_without_partial_install ... ok
talos::process_install::tests::rejects_source_range_overflow_without_partial_install ... ok
talos::process_page_table_materialization::tests::materializes_descriptor_image_with_preserved_permissions ... ok
talos::process_page_table_materialization::tests::materializes_readonly_data_descriptors_as_el0_read_only_non_executable ... ok
talos::process_page_table_materialization::tests::rejects_activation_request_before_leasing ... ok
talos::process_page_table_materialization::tests::rejects_bad_address_space_or_install_mismatch_before_leasing ... ok
talos::process_page_table_materialization::tests::rejects_unsupported_multiple_l2_topology_without_leasing ... ok
talos::process_page_table_materialization::tests::rolls_back_resource_exhaustion_and_population_failures ... ok
talos::process_page_table_materialization::tests::teardown_clears_descriptors_and_releases_leases_once ... ok
talos::program_loader::tests::phase8_init_fixture_produces_image_plan_only ... ok
talos::program_loader::tests::phase8_init_loader_reports_vfs_source_errors ... ok
talos::program_loader::tests::rejects_bad_entry_outside_executable_text ... ok
talos::program_loader::tests::rejects_bad_magic_before_plan ... ok
talos::program_loader::tests::rejects_dynamic_interpreter_program_header ... ok
talos::program_loader::tests::rejects_file_range_overflow_without_partial_plan ... ok
talos::program_loader::tests::rejects_malformed_program_header_range ... ok
talos::program_loader::tests::rejects_out_of_user_range_segment ... ok
talos::program_loader::tests::rejects_rounded_segment_overlap ... ok
talos::program_loader::tests::rejects_unsupported_type_and_machine ... ok
talos::program_loader::tests::rejects_writable_executable_segment ... ok
talos::rp1_ethernet::tests::rp1_ethernet_bcm54213pe_autoneg_convergence_core_rejects_drift ... ok
talos::rp1_ethernet::tests::rp1_ethernet_bcm54213pe_autoneg_convergence_core_shapes_candidate_and_control ... ok
talos::rp1_ethernet::tests::rp1_ethernet_bcm54213pe_bmcr_autoneg_restart_core_rejects_drift ... ok
talos::rp1_ethernet::tests::rp1_ethernet_bcm54213pe_bmcr_autoneg_restart_core_shapes_candidate_and_control ... ok
talos::rp1_ethernet::tests::rp1_ethernet_bcm54213pe_boot_transport_sentinel_core_is_no_ethernet_no_mdio ... ok
talos::rp1_ethernet::tests::rp1_ethernet_bcm54213pe_boot_transport_sentinel_core_rejects_target_facts ... ok
talos::rp1_ethernet::tests::rp1_ethernet_bcm54213pe_master_mode_autoneg_source_contract_rejects_drift ... ok
talos::rp1_ethernet::tests::rp1_ethernet_bcm54213pe_master_mode_autoneg_source_contract_shapes_candidate_and_control ... ok
talos::rp1_ethernet::tests::rp1_ethernet_bcm54213pe_master_mode_source_contract_rejects_drift ... ok
talos::rp1_ethernet::tests::rp1_ethernet_bcm54213pe_master_mode_source_contract_shapes_candidate_and_control ... ok
talos::rp1_ethernet::tests::rp1_ethernet_bcm54213pe_readonly_preflight_formats_candidate_report ... ok
talos::rp1_ethernet::tests::rp1_ethernet_bcm54213pe_readonly_preflight_formats_paired_control ... ok
talos::rp1_ethernet::tests::rp1_ethernet_bcm54213pe_readonly_preflight_hw_proof_core_shapes_candidate_and_control ... ok
talos::rp1_ethernet::tests::rp1_ethernet_bcm54213pe_readonly_preflight_rejects_shape_and_overclaims ... ok
talos::rp1_ethernet::tests::rp1_ethernet_bcm54213pe_readonly_preflight_v2_core_adds_freshness_markers ... ok
talos::rp1_ethernet::tests::rp1_ethernet_bcm54213pe_readonly_preflight_v2_core_rejects_drift ... ok
talos::rp1_ethernet::tests::rp1_ethernet_bcm54213pe_rgmii_delay_core_rejects_drift ... ok
talos::rp1_ethernet::tests::rp1_ethernet_bcm54213pe_rgmii_delay_core_shapes_candidate_and_control ... ok
talos::rp1_ethernet::tests::rp1_ethernet_bcm54213pe_tx_selected_read_discriminator_core_rejects_drift ... ok
talos::rp1_ethernet::tests::rp1_ethernet_bcm54213pe_tx_selected_read_discriminator_core_shapes_candidate_and_control ... ok
talos::rp1_ethernet::tests::rp1_ethernet_bootinfo_report_serial_visibility_core_rejects_marker_and_claim_drift ... ok
talos::rp1_ethernet::tests::rp1_ethernet_bootinfo_report_serial_visibility_core_shapes_dual_stage_markers ... ok
talos::rp1_ethernet::tests::rp1_ethernet_clk_eth_ctrl_write_restore_formats_candidate_report ... ok
talos::rp1_ethernet::tests::rp1_ethernet_clk_eth_ctrl_write_restore_formats_paired_control ... ok
talos::rp1_ethernet::tests::rp1_ethernet_clk_eth_ctrl_write_restore_rejects_shape_and_overclaims ... ok
talos::rp1_ethernet::tests::rp1_ethernet_clock_reset_guard_formats_candidate_report ... ok
talos::rp1_ethernet::tests::rp1_ethernet_clock_reset_guard_formats_paired_control ... ok
talos::rp1_ethernet::tests::rp1_ethernet_clock_reset_guard_rejects_overclaims ... ok
talos::rp1_ethernet::tests::rp1_ethernet_clock_reset_guard_rejects_shape_bypass ... ok
talos::rp1_ethernet::tests::rp1_ethernet_clock_reset_write_restore_formats_candidate_report ... ok
talos::rp1_ethernet::tests::rp1_ethernet_clock_reset_write_restore_formats_paired_control ... ok
talos::rp1_ethernet::tests::rp1_ethernet_clock_reset_write_restore_rejects_forbidden_claims ... ok
talos::rp1_ethernet::tests::rp1_ethernet_clock_reset_write_restore_rejects_shape_bypass ... ok
talos::rp1_ethernet::tests::rp1_ethernet_gem_mid_decode_discriminator_formats_candidate_shape ... ok
talos::rp1_ethernet::tests::rp1_ethernet_gem_mid_decode_discriminator_formats_no_mmio_no_ethernet_control ... ok
talos::rp1_ethernet::tests::rp1_ethernet_gem_mid_decode_discriminator_rejects_overclaims ... ok
talos::rp1_ethernet::tests::rp1_ethernet_gem_mid_decode_discriminator_rejects_shape_bypass ... ok
talos::rp1_ethernet::tests::rp1_ethernet_gem_mid_report_formats_candidate_contract ... ok
talos::rp1_ethernet::tests::rp1_ethernet_gem_mid_report_formats_no_mmio_control ... ok
talos::rp1_ethernet::tests::rp1_ethernet_gem_mid_report_rejects_overclaims ... ok
talos::rp1_ethernet::tests::rp1_ethernet_gem_mid_report_rejects_shape_and_contract_bypass ... ok
talos::rp1_ethernet::tests::rp1_ethernet_gpio32_event_clear_guard_formats_candidate_report ... ok
talos::rp1_ethernet::tests::rp1_ethernet_gpio32_event_clear_guard_formats_paired_control ... ok
talos::rp1_ethernet::tests::rp1_ethernet_gpio32_event_clear_guard_rejects_shape_and_overclaims ... ok
talos::rp1_ethernet::tests::rp1_ethernet_gpio32_event_state_formats_candidate_report ... ok
talos::rp1_ethernet::tests::rp1_ethernet_gpio32_event_state_formats_control_and_source_unresolved ... ok
talos::rp1_ethernet::tests::rp1_ethernet_gpio32_event_state_rejects_shape_and_overclaims ... ok
talos::rp1_ethernet::tests::rp1_ethernet_gpio32_phy_reset_preflight_formats_candidate_report ... ok
talos::rp1_ethernet::tests::rp1_ethernet_gpio32_phy_reset_preflight_formats_paired_control ... ok
talos::rp1_ethernet::tests::rp1_ethernet_gpio32_phy_reset_preflight_rejects_shape_and_overclaims ... ok
talos::rp1_ethernet::tests::rp1_ethernet_gpio32_phy_reset_write_restore_guard_formats_candidate_report ... ok
talos::rp1_ethernet::tests::rp1_ethernet_gpio32_phy_reset_write_restore_guard_formats_control_and_blocked ... ok
talos::rp1_ethernet::tests::rp1_ethernet_gpio32_phy_reset_write_restore_guard_rejects_shape_and_overclaims ... ok
talos::rp1_ethernet::tests::rp1_ethernet_kernel_entry_serial_beacon_core_is_earliest_no_ethernet_beacon ... ok
talos::rp1_ethernet::tests::rp1_ethernet_kernel_entry_serial_beacon_core_rejects_broader_claims ... ok
talos::rp1_ethernet::tests::rp1_ethernet_mdio_mpe_enable_guard_formats_candidate_report ... ok
talos::rp1_ethernet::tests::rp1_ethernet_mdio_mpe_enable_guard_formats_paired_control ... ok
talos::rp1_ethernet::tests::rp1_ethernet_mdio_mpe_enable_guard_rejects_shape_and_overclaims ... ok
talos::rp1_ethernet::tests::rp1_ethernet_mdio_phy_id_after_mpe_guard_formats_candidate_report ... ok
talos::rp1_ethernet::tests::rp1_ethernet_mdio_phy_id_after_mpe_guard_formats_paired_control ... ok
talos::rp1_ethernet::tests::rp1_ethernet_mdio_phy_id_after_mpe_guard_rejects_shape_and_overclaims ... ok
talos::rp1_ethernet::tests::rp1_ethernet_mdio_phy_id_guard_formats_candidate_report ... ok
talos::rp1_ethernet::tests::rp1_ethernet_mdio_phy_id_guard_formats_paired_control ... ok
talos::rp1_ethernet::tests::rp1_ethernet_mdio_phy_id_guard_rejects_shape_and_overclaims ... ok
talos::rp1_ethernet::tests::rp1_ethernet_mdio_register_vector_guard_formats_candidate_report ... ok
talos::rp1_ethernet::tests::rp1_ethernet_mdio_register_vector_guard_formats_paired_control ... ok
talos::rp1_ethernet::tests::rp1_ethernet_mdio_register_vector_guard_rejects_shape_and_overclaims ... ok
talos::rp1_ethernet::tests::rp1_ethernet_observed_window_discriminator_formats_candidate_shape ... ok
talos::rp1_ethernet::tests::rp1_ethernet_observed_window_discriminator_formats_no_mmio_no_ethernet_control ... ok
talos::rp1_ethernet::tests::rp1_ethernet_observed_window_discriminator_rejects_overclaims ... ok
talos::rp1_ethernet::tests::rp1_ethernet_observed_window_discriminator_rejects_shape_bypass ... ok
talos::rp1_ethernet::tests::rp1_ethernet_phy1_gigabit_preflight_decodes_selected_registers ... ok
talos::rp1_ethernet::tests::rp1_ethernet_phy1_status_decodes_accepted_v4_vector ... ok
talos::rp1_ethernet::tests::rp1_ethernet_prereq_ownership_formats_candidate_report ... ok
talos::rp1_ethernet::tests::rp1_ethernet_prereq_ownership_formats_paired_control ... ok
talos::rp1_ethernet::tests::rp1_ethernet_prereq_ownership_rejects_overclaims ... ok
talos::rp1_ethernet::tests::rp1_ethernet_prereq_ownership_rejects_shape_bypass ... ok
talos::runtime_console::tests::default_console_input_names_unavailable_and_backend_error_outcomes ... ok
talos::runtime_console::tests::default_console_input_reports_byte_and_no_data_outcomes ... ok
talos::runtime_console::tests::default_console_output_uses_named_runtime_console_boundary ... ok
talos::runtime_console::tests::runtime_console_names_the_default_kernel_console ... ok
talos::runtime_console::tests::runtime_console_reports_backend_write_failure ... ok
talos::runtime_console::tests::runtime_console_routes_formatted_kernel_text_to_backend ... ok
talos::runtime_console::tests::runtime_console_routes_static_kernel_text_to_backend ... ok
talos::runtime_console::tests::runtime_console_routes_user_bytes_to_backend ... ok
talos::scheduler::tests::context_frame_bootstrap_records_thread_entry_and_argument ... ok
talos::scheduler::tests::context_frame_layout_matches_aarch64_switch_offsets ... ok
talos::scheduler::tests::cpu_local_preemption_cycle_keeps_pending_request_after_no_runnable_error ... ok
talos::scheduler::tests::cpu_local_preemption_cycle_rejects_mismatched_current_task_before_service ... ok
talos::scheduler::tests::cpu_local_preemption_cycle_rejects_wrong_owner_before_queue_mutation ... ok
talos::scheduler::tests::cpu_local_preemption_cycle_services_owner_local_pending_request ... ok
talos::scheduler::tests::cpu_local_scheduler_service_drains_wakes_dispatches_and_refreshes_metadata ... ok
talos::scheduler::tests::cpu_local_scheduler_service_handles_timer_preemption_before_metadata_refresh ... ok
talos::scheduler::tests::cpu_local_scheduler_service_preserves_explicit_error_boundaries ... ok
talos::scheduler::tests::kernel_stack_records_bounds_without_owning_process_resources ... ok
talos::scheduler::tests::kernel_thread_starts_runnable_without_process_owner ... ok
talos::scheduler::tests::load_balancing_policy_rejects_destination_backpressure_before_publication ... ok
talos::scheduler::tests::load_balancing_policy_rejects_invalid_destination_role_and_cpu_id ... ok
talos::scheduler::tests::load_balancing_policy_rejects_shared_backpressure_and_preserves_single_owner_queue ... ok
talos::scheduler::tests::load_balancing_policy_rejects_stale_plan_without_source_queue_mutation ... ok
talos::scheduler::tests::load_balancing_policy_selects_front_candidate_and_publishes_shared_handoff ... ok
talos::scheduler::tests::logical_cpu_id_preserves_cpu_local_owner_identity ... ok
talos::scheduler::tests::make_runnable_rejects_full_queue_without_mutating_task_or_counters ... ok
talos::scheduler::tests::per_core_preemption_state_records_only_local_timer_requests ... ok
talos::scheduler::tests::per_core_scheduler_keeps_secondary_dispatch_deferred ... ok
talos::scheduler::tests::per_core_scheduler_local_queue_keeps_single_core_invariants ... ok
talos::scheduler::tests::per_core_scheduler_records_boot_cpu_owner_and_current_task ... ok
talos::scheduler::tests::per_core_scheduler_rejects_cross_owner_queue_mutation ... ok
talos::scheduler::tests::preemption_state_defers_service_while_disabled_and_balances_nested_sections ... ok
talos::scheduler::tests::process_owner_is_explicit_future_extension_point ... ok
talos::scheduler::tests::production_scheduler_runtime_records_timer_irq_without_scheduler_mutation ... ok
talos::scheduler::tests::production_scheduler_runtime_rejects_unowned_or_deferred_timer_irq_recording ... ok
talos::scheduler::tests::production_scheduler_runtime_services_pending_preemption_owner_locally ... ok
talos::scheduler::tests::production_secondary_diagnostic_dispatches_only_local_runnable_task ... ok
talos::scheduler::tests::production_secondary_diagnostic_rejects_cross_owner_dispatch ... ok
talos::scheduler::tests::production_secondary_diagnostic_rejects_mismatched_or_nonrunnable_task ... ok
talos::scheduler::tests::remote_wake_queue_coalesces_duplicate_task_requests ... ok
talos::scheduler::tests::remote_wake_queue_rejects_overflow_and_cross_owner_consumption ... ok
talos::scheduler::tests::remote_wake_queue_rejects_self_and_wrong_target_publication ... ok
talos::scheduler::tests::runnable_queue_dequeues_in_fifo_order_and_resets_when_empty ... ok
talos::scheduler::tests::runnable_queue_removes_middle_and_preserves_fifo_order ... ok
talos::scheduler::tests::runnable_queue_removes_wrapped_entry_and_keeps_tail_reusable ... ok
talos::scheduler::tests::runnable_queue_wraps_tail_and_rejects_overflow ... ok
talos::scheduler::tests::scheduler_tracks_state_transition_when_making_task_runnable ... ok
talos::scheduler::tests::secondary_scheduler_service_loop_consumes_remote_wake_without_dispatch ... ok
talos::scheduler::tests::secondary_scheduler_service_loop_dispatches_local_runnable_task ... ok
talos::scheduler::tests::secondary_scheduler_service_loop_handles_timer_preemption_before_dispatch ... ok
talos::scheduler::tests::secondary_scheduler_service_loop_rejects_deferred_secondary_role ... ok
talos::scheduler::tests::secondary_scheduler_service_loop_rejects_wrong_owner_before_consuming_wake ... ok
talos::scheduler::tests::secondary_scheduler_service_loop_reports_no_work_after_metadata_refresh ... ok
talos::scheduler::tests::shared_run_queue_destination_consumes_and_updates_metadata_owner ... ok
talos::scheduler::tests::shared_run_queue_lock_wraps_only_shared_handoff_queue ... ok
talos::scheduler::tests::shared_run_queue_publishes_migration_without_cross_owner_local_enqueue ... ok
talos::scheduler::tests::shared_run_queue_rejects_deferred_destination_and_duplicate_local_enqueue ... ok
talos::scheduler::tests::shared_run_queue_rejects_running_blocked_duplicate_and_full_cases ... ok
talos::scheduler::tests::shared_run_queue_rejects_stale_generation_without_source_queue_mutation ... ok
talos::scheduler::tests::shared_scheduler_metadata_lock_protects_metadata_table_only ... ok
talos::scheduler::tests::shared_scheduler_metadata_refresh_tracks_owner_local_membership ... ok
talos::scheduler::tests::shared_scheduler_metadata_registers_local_task_snapshot ... ok
talos::scheduler::tests::shared_scheduler_metadata_rejects_cross_owner_publication_without_queue_mutation ... ok
talos::scheduler::tests::shared_scheduler_metadata_rejects_duplicate_and_unknown_tasks ... ok
talos::scheduler::tests::shared_scheduler_metadata_rejects_invalid_owner_and_task_id_zero ... ok
talos::scheduler::tests::target_owned_wake_consumption_makes_only_local_blocked_task_runnable ... ok
talos::scheduler::tests::target_owned_wake_consumption_rejects_cross_owner_and_nonlocal_tasks ... ok
talos::scheduler::tests::target_owned_wake_consumption_rejects_duplicate_local_enqueue ... ok
talos::scheduler::tests::task_can_be_marked_running_without_context_switch_implementation ... ok
talos::scheduler::tests::task_id_rejects_zero_and_preserves_scheduler_local_value ... ok
talos::scheduler::tests::timer_preempt_allows_one_slot_queue_by_dequeuing_before_requeue ... ok
talos::scheduler::tests::timer_preempt_requeues_current_without_counting_voluntary_yield ... ok
talos::scheduler::tests::voluntary_yield_allows_one_slot_queue_by_dequeuing_before_requeue ... ok
talos::scheduler::tests::voluntary_yield_rejects_non_running_or_empty_dispatch ... ok
talos::scheduler::tests::voluntary_yield_requeues_current_and_counts_dispatch_switch ... ok
talos::smoke_test_runs ... ok
talos::smp::tests::controlled_workload_records_progress_and_completion ... ok
talos::smp::tests::core_lifecycle_names_match_bringup_contract ... ok
talos::smp::tests::per_core_state_records_identity_stack_and_handoff ... ok
talos::smp::tests::pi5_mpidr_affinity_maps_four_cortex_a76_cores ... ok
talos::smp::tests::republish_identity_refreshes_identity_without_resetting_progress ... ok
talos::smp::tests::stack_layout_gives_each_possible_core_a_distinct_slot ... ok
talos::smp_sync::tests::irqsave_lock_composes_mask_before_guard_and_restores_on_drop ... ok
talos::smp_sync::tests::smp_full_barrier_is_callable_from_tests ... ok
talos::smp_sync::tests::spin_lock_guard_mutates_and_releases_on_drop ... ok
talos::smp_sync::tests::spin_lock_is_non_recursive_by_policy ... ok
talos::smp_sync::tests::spin_lock_starts_unlocked_and_try_lock_sets_state ... ok
talos::syscall::tests::copy_probe_dispatch_reports_fault_for_unmapped_user_range ... ok
talos::syscall::tests::copy_probe_dispatch_uses_explicit_mapping_and_backing_storage ... ok
talos::syscall::tests::copy_probe_number_is_unknown_outside_proof_dispatch ... ok
talos::syscall::tests::descriptor_close_number_requires_context_in_scalar_dispatch ... ok
talos::syscall::tests::descriptor_dup_number_requires_context_in_scalar_dispatch ... ok
talos::syscall::tests::descriptor_open_number_requires_initramfs_context_in_scalar_dispatch ... ok
talos::syscall::tests::descriptor_read_number_requires_context_in_scalar_dispatch ... ok
talos::syscall::tests::descriptor_shaped_ping_control_completes_single_runtime_pump_lifecycle ... ok
talos::syscall::tests::descriptor_shaped_ping_control_maps_caller_receive_buffer_pressure_to_enospc ... ok
talos::syscall::tests::descriptor_shaped_ping_control_maps_descriptor_capacity_retry_timeout_and_io_errors ... ok
talos::syscall::tests::descriptor_write_dispatch_preserves_scalar_syscall_regressions ... ok
talos::syscall::tests::descriptor_write_number_requires_context_in_scalar_dispatch ... ok
talos::syscall::tests::ping_operation_syscall_substitute_completes_unresolved_arp_to_echo_reply ... ok
talos::syscall::tests::ping_operation_syscall_substitute_maps_descriptor_and_device_errors ... ok
talos::syscall::tests::posix_error_vocabulary_encodes_as_negative_errno_x0_values ... ok
talos::syscall::tests::process_local_ping_descriptor_control_completes_lifecycle_through_process_descriptor ... ok
talos::syscall::tests::process_local_ping_descriptor_control_maps_capacity_busy_closed_retry_timeout_and_io_errors ... ok
talos::syscall::tests::process_local_ping_dispatch_completes_lifecycle_through_dispatch_shape ... ok
talos::syscall::tests::process_local_ping_dispatch_maps_descriptor_capacity_and_runtime_errors ... ok
talos::syscall::tests::process_local_ping_user_arguments_complete_lifecycle_and_copy_outputs ... ok
talos::syscall::tests::process_local_ping_user_arguments_reject_malformed_owner_descriptor_capacity_and_buffers ... ok
talos::syscall::tests::runtime_ping_syscall_substitute_completes_unresolved_arp_to_echo_reply_through_runtime_pump ... ok
talos::syscall::tests::runtime_ping_syscall_substitute_keeps_local_responder_working_with_open_descriptor ... ok
talos::syscall::tests::runtime_ping_syscall_substitute_maps_descriptor_capacity_timeout_and_device_errors ... ok
talos::syscall::tests::scalar_argument_view_preserves_x0_through_x5_values ... ok
talos::syscall::tests::socket_number_requires_socket_table_context_in_scalar_dispatch ... ok
talos::syscall::tests::stable_svc_immediate_is_zero_and_diagnostic_marker_is_not_stable ... ok
talos::syscall::tests::syscall_number_zero_dispatches_to_talos_nop_success ... ok
talos::syscall::tests::talos_close_failures_are_deterministic_and_do_not_mutate_on_einval ... ok
talos::syscall::tests::talos_close_preserves_duplicate_descriptor_lifetime ... ok
talos::syscall::tests::talos_close_stderr_uses_the_same_table_local_rule ... ok
talos::syscall::tests::talos_close_stdout_blocks_later_process_descriptor_write ... ok
talos::syscall::tests::talos_dup_duplicate_remains_writable_after_source_close ... ok
talos::syscall::tests::talos_dup_failures_are_deterministic_and_do_not_mutate_on_einval ... ok
talos::syscall::tests::talos_dup_full_table_returns_emfile_without_mutation ... ok
talos::syscall::tests::talos_dup_stderr_and_stdin_follow_table_local_descriptor_rules ... ok
talos::syscall::tests::talos_dup_stdout_returns_lowest_free_descriptor_and_preserves_source ... ok
talos::syscall::tests::talos_open_initramfs_errors_do_not_allocate_descriptors_or_files ... ok
talos::syscall::tests::talos_open_initramfs_then_read_exposes_regular_file_contents ... ok
talos::syscall::tests::talos_read_copy_faults_do_not_consume_fixed_input ... ok
talos::syscall::tests::talos_read_duplicate_of_stdin_shares_fixed_input_cursor ... ok
talos::syscall::tests::talos_read_fd_errors_do_not_copy_or_consume_input ... ok
talos::syscall::tests::talos_read_initramfs_errors_preserve_file_offset_and_user_memory ... ok
talos::syscall::tests::talos_read_reports_enotsup_for_non_stdin_readable_objects_or_missing_source ... ok
talos::syscall::tests::talos_read_reserved_registers_reject_without_mutation ... ok
talos::syscall::tests::talos_read_short_count_and_eof_are_bounded_to_fixed_input ... ok
talos::syscall::tests::talos_read_stdin_copies_fixed_input_and_advances_after_copy ... ok
talos::syscall::tests::talos_read_zero_length_does_not_consume_or_use_destination ... ok
talos::syscall::tests::talos_socket_close_rejects_wrong_owner_socket_backing ... ok
talos::syscall::tests::talos_socket_errors_are_deterministic_and_do_not_allocate_on_failure ... ok
talos::syscall::tests::talos_socket_opens_af_inet_stream_descriptor_and_close_drops_backing ... ok
talos::syscall::tests::talos_write_backend_failure_is_encoded_as_eio_not_success ... ok
talos::syscall::tests::talos_write_rejects_read_only_and_invalid_descriptors_without_output ... ok
talos::syscall::tests::talos_write_rejects_reserved_registers_and_oversize_lengths_as_einval ... ok
talos::syscall::tests::talos_write_rejects_unmapped_user_ranges_without_output ... ok
talos::syscall::tests::talos_write_stderr_uses_the_same_runtime_console_slice ... ok
talos::syscall::tests::talos_write_stdout_copies_user_bytes_before_runtime_console_output ... ok
talos::syscall::tests::talos_write_zero_length_validates_descriptor_without_console_output ... ok
talos::syscall::tests::unknown_syscall_dispatches_to_negative_enosys ... ok
talos::syscall::tests::vfs_path_errors_do_not_collapse_to_enosys ... ok
talos::syscall::tests::vfs_ping_diagnostic_svc_fixture_completes_vfs_backed_user_lifecycle ... ok
talos::syscall::tests::vfs_ping_diagnostic_svc_fixture_maps_contract_error_controls ... ok
talos::syscall::tests::vfs_ping_diagnostic_svc_fixture_maps_packet_queue_controls ... ok
talos::syscall::tests::vfs_ping_diagnostic_svc_fixture_records_packet_queue_lifecycle ... ok
talos::target::qemu_virt::tests::qemu_mpidr_affinity_maps_four_virt_cpus ... ok
talos::target::rpi5::tests::pi5_uart10_address_matches_bcm2712_soc_range ... ok
talos::target::tests::target_services_include_qemu_console ... ok
talos::tty::tests::canonical_lite_applies_backspace_delete_control_truncation_and_newline ... ok
talos::tty::tests::line_discipline_cancels_current_line_on_ctrl_c ... ok
talos::tty::tests::line_discipline_collapses_newline_forms_to_crlf_echo ... ok
talos::tty::tests::line_discipline_handles_tab_printable_and_editing_bytes ... ok
talos::tty::tests::line_discipline_kills_current_line_on_ctrl_u_without_termination ... ok
talos::tty::tests::line_discipline_marks_control_event_truncation ... ok
talos::tty::tests::line_discipline_records_deferred_control_event_names ... ok
talos::tty::tests::line_discipline_reports_buffer_limit_without_implicit_timeout ... ok
talos::tty::tests::polling_rx_diagnostic_reports_bounded_timeout_without_input ... ok
talos::tty::tests::raw_mode_passes_bytes_without_canonical_translation_or_echo ... ok
test result: ok. 668 passed
qemu-shell-sockdiag-open-close-smoke: cargo-test-filter=local_command_loop_execs_shell_visible_pingdiag_through_vfs_diagnostic_layers

running 668 talos no_std tests
talos::allocator::tests::allocation_advances_with_alignment_and_updates_accounting ... ok
talos::allocator::tests::direct_global_allocator_style_smoke_preserves_accounting ... ok
talos::allocator::tests::fallible_allocation_reports_alignment_overflow_separately ... ok
talos::allocator::tests::fallible_allocation_reports_exhaustion_without_advancing ... ok
talos::allocator::tests::init_rejects_inconsistent_allocator_plan_contracts ... ok
talos::allocator::tests::init_state_tracks_allocator_bounds_and_capacity ... ok
talos::allocator::tests::oversized_allocation_returns_null_without_advancing ... ok
talos::allocator::tests::realloc_growth_allocates_new_region_and_preserves_prefix ... ok
talos::allocator::tests::uninitialized_allocation_returns_null ... ok
talos::arch::aarch64::exceptions::tests::diagnostic_marker_does_not_route_as_production_syscall ... ok
talos::arch::aarch64::exceptions::tests::irq_dispatch_stub_counts_and_records_context_without_frame ... ok
talos::arch::aarch64::exceptions::tests::irq_vector_classifier_names_irq_slots ... ok
talos::arch::aarch64::exceptions::tests::lower_aarch64_svc_zero_routes_through_syscall_dispatch ... ok
talos::arch::aarch64::exceptions::tests::unknown_syscall_routes_to_negative_enosys ... ok
talos::arch::aarch64::generic_timer::tests::first_smoke_delta_has_small_frequency_floor ... ok
talos::arch::aarch64::generic_timer::tests::monotonic_tick_counter_resets ... ok
talos::arch::aarch64::generic_timer::tests::periodic_tick_delta_can_be_configured ... ok
talos::arch::aarch64::generic_timer::tests::periodic_tick_policy_uses_centisecond_floor ... ok
talos::arch::aarch64::gicv2::tests::sgi_all_except_self_value_encodes_filter_and_intid ... ok
talos::arch::aarch64::gicv2::tests::sgi_target_list_value_encodes_intid_and_targets ... ok
talos::arch::aarch64::gicv2::tests::spurious_intid_matches_gicv2_architecture ... ok
talos::arch::aarch64::tests::irq_mask_state_records_masked_snapshot ... ok
talos::arch::aarch64::tests::irq_mask_state_records_unmasked_snapshot ... ok
talos::arch::aarch64::tests::mpidr_affinity_masks_non_affinity_bits ... ok
talos::arch::aarch64::tests::nested_irq_mask_restore_preserves_outer_masked_state ... ok
talos::device_tree::chosen::tests::device_tree_reads_chosen_bootargs ... ok
talos::device_tree::chosen::tests::device_tree_reads_chosen_initrd_range ... ok
talos::device_tree::memory::tests::device_tree_reads_memory_banks ... ok
talos::device_tree::memory::tests::device_tree_reads_memory_reservations ... ok
talos::device_tree::memory::tests::device_tree_reads_multiple_root_memory_nodes ... ok
talos::device_tree::memory::tests::device_tree_reads_reserved_memory_ranges ... ok
talos::device_tree::memory::tests::memory_cell_decoder_accepts_only_one_or_two_complete_cells ... ok
talos::device_tree::raw::tests::device_tree_reads_fdt_header ... ok
talos::device_tree::raw::tests::raw_fdt_helpers_bound_alignment_blocks_and_strings ... ok
talos::diagnostic_command::tests::dispatcher_lists_bounded_default_commands ... ok
talos::diagnostic_command::tests::dispatcher_propagates_response_sink_failure ... ok
talos::diagnostic_command::tests::dispatcher_reports_deterministic_status_without_posix_state ... ok
talos::diagnostic_command::tests::dispatcher_reports_unknown_parse_and_argument_errors ... ok
talos::diagnostic_command::tests::parser_accepts_completed_tty_line_tokens ... ok
talos::diagnostic_command::tests::parser_rejects_non_command_shell_syntax_and_bounds ... ok
talos::dma_cache::tests::driver_diagnostic_envelope_formats_accepted_executor_evidence ... ok
talos::dma_cache::tests::driver_diagnostic_envelope_rejects_line_coverage_overflow_and_completion_claims ... ok
talos::dma_cache::tests::driver_diagnostic_envelope_rejects_non_accepted_executor_and_missing_prerequisites ... ok
talos::dma_cache::tests::driver_diagnostic_envelope_rejects_unsupported_claims_and_missing_rejected_claims ... ok
talos::dma_cache::tests::maintenance_executor_accepts_invalidate_and_clean_invalidate_dispatch_vocabularies ... ok
talos::dma_cache::tests::maintenance_executor_dispatches_clean_sequence_and_formats_evidence ... ok
talos::dma_cache::tests::maintenance_executor_rejects_contract_classification_and_identity_bypass ... ok
talos::dma_cache::tests::maintenance_executor_rejects_line_coverage_overflow_and_range_mismatch ... ok
talos::dma_cache::tests::maintenance_executor_rejects_unsupported_operation_instruction_and_barrier ... ok
talos::dma_cache::tests::maintenance_sequence_derives_clean_instruction_barrier_and_evidence ... ok
talos::dma_cache::tests::maintenance_sequence_derives_invalidate_and_clean_invalidate_instructions ... ok
talos::dma_cache::tests::maintenance_sequence_rejects_non_accepted_sync_plan_and_descriptor_mismatch ... ok
talos::dma_cache::tests::maintenance_sequence_rejects_zero_mismatch_overflow_and_runtime_claims ... ok
talos::dma_cache::tests::small_diagnostic_plan_formats_accepted_envelope_and_rp1_dma_source_facts ... ok
talos::dma_cache::tests::small_diagnostic_plan_rejects_completion_and_driver_readiness_claims ... ok
talos::dma_cache::tests::small_diagnostic_plan_rejects_controller_source_and_policy_claims ... ok
talos::dma_cache::tests::small_diagnostic_plan_rejects_non_accepted_envelope_and_missing_prerequisites ... ok
talos::dma_cache::tests::small_diagnostic_visibility_report_formats_candidate_plan_evidence ... ok
talos::dma_cache::tests::small_diagnostic_visibility_report_formats_no_plan_control ... ok
talos::dma_cache::tests::small_diagnostic_visibility_report_rejects_overclaims ... ok
talos::dma_cache::tests::small_diagnostic_visibility_report_rejects_shape_and_plan_bypass ... ok
talos::dma_cache::tests::sync_plan_covers_unaligned_cpu_visible_range_with_cache_lines ... ok
talos::dma_cache::tests::sync_plan_derives_bidirectional_shared_clean_invalidate ... ok
talos::dma_cache::tests::sync_plan_derives_from_device_after_ownership_invalidate ... ok
talos::dma_cache::tests::sync_plan_derives_to_device_before_ownership_clean ... ok
talos::dma_cache::tests::sync_plan_rejects_non_accepted_descriptor_classification_inputs ... ok
talos::dma_cache::tests::sync_plan_rejects_overflow_unsupported_claims_and_boundary_pairs ... ok
talos::dma_cache::tests::translation_helpers_cover_ram_peripheral_range_and_overflow ... ok
talos::dma_cache::tests::valid_rp1_ram_window_descriptor_emits_local_static_evidence ... ok
talos::dma_cache::tests::validator_rejects_forbidden_cacheability_and_iommu_claims ... ok
talos::dma_cache::tests::validator_rejects_forbidden_reserved_and_high_memory_inputs ... ok
talos::dma_cache::tests::validator_rejects_owned_span_escape ... ok
talos::dma_cache::tests::validator_rejects_unaligned_descriptor ... ok
talos::early_format::tests::decimal_formatter_writes_zero_and_multi_digit_values ... ok
talos::early_format::tests::hex_formatter_uses_minimal_digits ... ok
talos::early_format::tests::hex_formatter_writes_full_width_u64_values ... ok
talos::initial_process_launch::tests::prepares_launch_plan_without_runnable_side_effects ... ok
talos::initial_process_launch::tests::rejects_activation_stack_and_scheduler_requests ... ok
talos::initial_process_launch::tests::rejects_bad_identity_before_publication ... ok
talos::initial_process_launch::tests::rejects_destroyed_inputs_without_partial_launch ... ok
talos::initial_process_launch::tests::rejects_entry_mismatch_as_not_executable ... ok
talos::initial_process_launch::tests::rejects_forbidden_entry_range ... ok
talos::initial_process_launch::tests::rejects_runnable_commit_without_partial_launch_or_publication ... ok
talos::initial_user_stack::tests::builds_initial_stack_plan_with_fixed_layout_and_accounting ... ok
talos::initial_user_stack::tests::capacity_exhaustion_releases_partial_stack_leases ... ok
talos::initial_user_stack::tests::records_minimal_argv_startup_payload_and_launch_binding_without_live_side_effects ... ok
talos::initial_user_stack::tests::rejects_already_stack_ready_launch_input_without_leasing ... ok
talos::initial_user_stack::tests::rejects_bad_stack_range_and_executable_permissions_without_leasing ... ok
talos::initial_user_stack::tests::rejects_image_overlap_without_leasing ... ok
talos::initial_user_stack::tests::rejects_live_launch_requests_without_partial_launch_or_publication ... ok
talos::initial_user_stack::tests::teardown_releases_only_stack_owned_leases_and_is_idempotent ... ok
talos::initramfs::tests::copy_faults_and_invalid_scratch_do_not_mutate_offsets_or_user_bytes ... ok
talos::initramfs::tests::descriptor_facing_read_rejects_directory_and_unsupported_objects ... ok
talos::initramfs::tests::descriptor_facing_read_reports_ebadf_before_copy_or_offset_mutation ... ok
talos::initramfs::tests::descriptor_reads_opened_files_and_duplicates_share_offset ... ok
talos::initramfs::tests::fixture_validates_root_and_unique_directory_entries ... ok
talos::initramfs::tests::lookup_reports_contract_error_precedence ... ok
talos::initramfs::tests::lookup_reports_root_directory_and_contract_files ... ok
talos::initramfs::tests::lookup_uses_accepted_path_normalization_from_root_and_cwd ... ok
talos::initramfs::tests::malformed_open_file_description_reports_einval ... ok
talos::initramfs::tests::open_regular_descriptor_attaches_file_description_to_lowest_fd ... ok
talos::initramfs::tests::open_regular_descriptor_rolls_back_file_description_on_descriptor_failure ... ok
talos::initramfs::tests::open_regular_file_rejects_directories_as_eisdir ... ok
talos::initramfs::tests::phase8_fixture_name_is_stable ... ok
talos::initramfs::tests::reads_are_short_only_at_fixture_eof ... ok
talos::initramfs::tests::regular_file_bytes_returns_immutable_init_fixture ... ok
talos::initramfs::tests::regular_file_kernel_reads_copy_bytes_advance_offset_and_report_eof ... ok
talos::initramfs::tests::regular_file_reads_copy_bytes_advance_offset_and_report_eof ... ok
talos::initramfs::tests::zero_length_file_and_zero_length_reads_do_not_mutate_offsets ... ok
talos::kernel_half_descriptor_image::tests::constructs_non_installed_descriptor_image_with_copied_lineage ... ok
talos::kernel_half_descriptor_image::tests::records_required_coverage_permissions_attributes_and_blockers ... ok
talos::kernel_half_descriptor_image::tests::records_ttbr1_image_intent_without_live_side_effects ... ok
talos::kernel_half_descriptor_image::tests::rejects_blocked_requests_without_partial_image ... ok
talos::kernel_half_descriptor_image::tests::rolls_back_lease_shortage_without_partial_image ... ok
talos::kernel_half_descriptor_image::tests::teardown_releases_model_owned_records_and_is_idempotent ... ok
talos::kernel_half_reachability::tests::builds_preflight_plan_with_copied_input_lineage ... ok
talos::kernel_half_reachability::tests::records_kernel_half_policy_without_live_side_effects ... ok
talos::kernel_half_reachability::tests::rejects_blocked_requests_without_partial_plan ... ok
talos::kernel_half_reachability::tests::rejects_identity_and_lineage_disagreements_before_publication ... ok
talos::kernel_half_reachability::tests::rolls_back_resource_exhaustion_without_partial_plan ... ok
talos::kernel_half_reachability::tests::teardown_releases_only_plan_local_lease_and_is_idempotent ... ok
talos::live_address_space_activation::tests::builds_preflight_plan_with_blocked_live_activation_fields ... ok
talos::live_address_space_activation::tests::records_required_kernel_reachability_without_live_side_effects ... ok
talos::live_address_space_activation::tests::rejects_identity_and_entry_disagreements_before_publication ... ok
talos::live_address_space_activation::tests::rejects_live_register_and_publication_requests_without_partial_activation ... ok
talos::live_address_space_activation::tests::rolls_back_resource_exhaustion_without_partial_activation ... ok
talos::live_address_space_activation::tests::teardown_releases_only_plan_local_lease_and_is_idempotent ... ok
talos::live_descriptor_image_installation::tests::installs_model_binding_with_copied_lineage_and_no_live_state ... ok
talos::live_descriptor_image_installation::tests::preserves_coverage_permissions_and_zero_side_effect_accounting ... ok
talos::live_descriptor_image_installation::tests::rejects_deterministic_cases_without_partial_installation ... ok
talos::live_descriptor_image_installation::tests::rejects_missing_destroyed_and_resource_exhaustion_without_leaks ... ok
talos::live_descriptor_image_installation::tests::teardown_clears_only_installation_record_and_is_idempotent ... ok
talos::live_translation_register_activation::tests::commits_model_activation_intent_with_copied_lineage_and_no_live_state ... ok
talos::live_translation_register_activation::tests::records_input_provenance_reachability_and_zero_side_effects ... ok
talos::live_translation_register_activation::tests::rejects_deterministic_cases_without_partial_activation ... ok
talos::live_translation_register_activation::tests::rejects_missing_destroyed_and_resource_exhaustion_without_leaks ... ok
talos::live_translation_register_activation::tests::teardown_clears_only_activation_record_and_is_idempotent ... ok
talos::local_command_loop::tests::local_command_loop_accepts_explicit_fd1_stdout_regular_file_aliases ... ok
talos::local_command_loop::tests::local_command_loop_append_creates_missing_stderr_volatile_regular_file ... ok
talos::local_command_loop::tests::local_command_loop_append_creates_missing_stdout_volatile_regular_file ... ok
talos::local_command_loop::tests::local_command_loop_appends_child_stderr_to_existing_volatile_regular_file ... ok
talos::local_command_loop::tests::local_command_loop_appends_child_stdout_to_existing_volatile_regular_file ... ok
talos::local_command_loop::tests::local_command_loop_applies_backspace_and_delete_before_dispatch ... ok
talos::local_command_loop::tests::local_command_loop_bounded_wait_consumes_delayed_userspace_stdin ... ok
talos::local_command_loop::tests::local_command_loop_cancels_partial_line_on_ctrl_c_before_next_dispatch ... ok
talos::local_command_loop::tests::local_command_loop_cats_banner_through_reusable_vfs_syscall_descriptor ... ok
talos::local_command_loop::tests::local_command_loop_cats_generated_manifest_through_vfs_syscall_descriptor ... ok
talos::local_command_loop::tests::local_command_loop_closes_child_stderr_only_for_one_exec ... ok
talos::local_command_loop::tests::local_command_loop_closes_child_stdout_only_for_one_exec ... ok
talos::local_command_loop::tests::local_command_loop_combines_readonly_stdin_and_volatile_stdout_redirection ... ok
talos::local_command_loop::tests::local_command_loop_dispatches_bare_ls_against_current_directory ... ok
talos::local_command_loop::tests::local_command_loop_dispatches_bounded_cat_banner ... ok
talos::local_command_loop::tests::local_command_loop_dispatches_bounded_literal_echo_tail ... ok
talos::local_command_loop::tests::local_command_loop_dispatches_bounded_ls_bin ... ok
talos::local_command_loop::tests::local_command_loop_dispatches_bounded_ls_root ... ok
talos::local_command_loop::tests::local_command_loop_dispatches_cat_banner_against_current_directory ... ok
talos::local_command_loop::tests::local_command_loop_dispatches_kernel_backed_echo_argument ... ok
talos::local_command_loop::tests::local_command_loop_dispatches_kernel_backed_help ... ok
talos::local_command_loop::tests::local_command_loop_dispatches_root_only_pwd ... ok
talos::local_command_loop::tests::local_command_loop_execs_absolute_vfs_program_with_literal_argv ... ok
talos::local_command_loop::tests::local_command_loop_execs_generated_root_executable_with_literal_argv ... ok
talos::local_command_loop::tests::local_command_loop_execs_init_through_vfs_launch_boundary ... ok
talos::local_command_loop::tests::local_command_loop_execs_minimal_stdout_to_stdin_pipeline ... ok
talos::local_command_loop::tests::local_command_loop_execs_non_init_absolute_vfs_program ... ok
talos::local_command_loop::tests::local_command_loop_execs_nonzero_status_vfs_program ... ok
talos::local_command_loop::tests::local_command_loop_execs_shell_visible_pingdiag_through_vfs_diagnostic_layers ... ok
talos::local_command_loop::tests::local_command_loop_execs_shell_visible_sockdiag_through_vfs_socket_syscalls ... ok
talos::local_command_loop::tests::local_command_loop_execs_userspace_stderr_fixture_through_fd2 ... ok
talos::local_command_loop::tests::local_command_loop_execs_userspace_stdin_fixture_through_fd0 ... ok
talos::local_command_loop::tests::local_command_loop_execs_userspace_stdout_fixture_through_fd1 ... ok
talos::local_command_loop::tests::local_command_loop_handles_empty_and_unknown_input_visibly ... ok
talos::local_command_loop::tests::local_command_loop_jobs_reports_background_accounting_record ... ok
talos::local_command_loop::tests::local_command_loop_keeps_stderr_out_of_stdout_pipeline ... ok
talos::local_command_loop::tests::local_command_loop_kills_partial_line_on_ctrl_u_before_dispatch ... ok
talos::local_command_loop::tests::local_command_loop_observes_last_process_status_from_lifecycle_record ... ok
talos::local_command_loop::tests::local_command_loop_pipes_child_stderr_after_dup_to_stdout ... ok
talos::local_command_loop::tests::local_command_loop_records_multiple_background_vfs_exec_jobs ... ok
talos::local_command_loop::tests::local_command_loop_redirects_child_stderr_to_dev_null_only_for_one_exec ... ok
talos::local_command_loop::tests::local_command_loop_redirects_child_stderr_to_inherited_stdout_fd ... ok
talos::local_command_loop::tests::local_command_loop_redirects_child_stderr_to_volatile_regular_file ... ok
talos::local_command_loop::tests::local_command_loop_redirects_child_stdin_from_dev_null_only_for_one_exec ... ok
talos::local_command_loop::tests::local_command_loop_redirects_child_stdin_from_readonly_regular_file_only_for_one_exec ... ok
talos::local_command_loop::tests::local_command_loop_redirects_child_stdout_to_dev_null_only_for_one_exec ... ok
talos::local_command_loop::tests::local_command_loop_redirects_child_stdout_to_inherited_stderr_fd ... ok
talos::local_command_loop::tests::local_command_loop_redirects_child_stdout_to_volatile_regular_file ... ok
talos::local_command_loop::tests::local_command_loop_redirects_pipeline_consumer_stdout_to_volatile_file ... ok
talos::local_command_loop::tests::local_command_loop_redirects_pipeline_producer_stdout_to_volatile_file ... ok
talos::local_command_loop::tests::local_command_loop_redirects_pipeline_stdout_away_to_stderr ... ok
talos::local_command_loop::tests::local_command_loop_redirects_stderr_to_arbitrary_tmp_basenames ... ok
talos::local_command_loop::tests::local_command_loop_redirects_stdout_to_arbitrary_tmp_basenames ... ok
talos::local_command_loop::tests::local_command_loop_rejects_arguments_for_non_echo_builtins ... ok
talos::local_command_loop::tests::local_command_loop_rejects_missing_and_non_executable_exec_targets ... ok
talos::local_command_loop::tests::local_command_loop_rejects_truncated_control_history ... ok
talos::local_command_loop::tests::local_command_loop_rejects_unsupported_explicit_file_output_aliases ... ok
talos::local_command_loop::tests::local_command_loop_rejects_unsupported_literal_exec_grammar ... ok
talos::local_command_loop::tests::local_command_loop_rejects_unsupported_pipeline_forms ... ok
talos::local_command_loop::tests::local_command_loop_rejects_unsupported_redirection_forms ... ok
talos::local_command_loop::tests::local_command_loop_reports_descriptor_backed_stdio ... ok
talos::local_command_loop::tests::local_command_loop_reports_generated_root_source_reason_in_tail_stable_position ... ok
talos::local_command_loop::tests::local_command_loop_reports_input_and_response_failures ... ok
talos::local_command_loop::tests::local_command_loop_reports_userspace_stdin_ctrl_d_terminal_eof ... ok
talos::local_command_loop::tests::local_command_loop_reports_userspace_stdin_no_data_through_fd0 ... ok
talos::local_command_loop::tests::local_command_loop_resolves_bare_exec_name_through_fixed_bin_lookup ... ok
talos::local_command_loop::tests::local_command_loop_tracks_bounded_current_directory ... ok
talos::local_command_loop::tests::local_command_loop_waitpid_consumes_vfs_exec_lifecycle_record ... ok
talos::local_command_loop::tests::local_command_status_names_are_stable_for_transcripts ... ok
talos::memory_map::layout::tests::conservative_candidate_excludes_page_rounded_firmware_initrd_range ... ok
talos::memory_map::layout::tests::conservative_candidate_fails_when_firmware_initrd_exhausts_low_tail ... ok
talos::memory_map::layout::tests::conservative_candidate_ignores_zero_sized_reserved_memory_ranges ... ok
talos::memory_map::layout::tests::conservative_candidate_respects_reported_reservation_tail ... ok
talos::memory_map::layout::tests::conservative_candidate_respects_reported_reserved_memory_ranges ... ok
talos::memory_map::layout::tests::conservative_candidate_uses_tail_after_kernel_and_dtb ... ok
talos::memory_map::page_frames::tests::bootstrap_allocator_plan_rejects_unaligned_empty_or_unmapped_spans ... ok
talos::memory_map::page_frames::tests::bootstrap_allocator_plan_uses_remaining_low_tail_frames ... ok
talos::memory_map::page_frames::tests::bootstrap_page_reservation_carves_from_seed_start ... ok
talos::memory_map::page_frames::tests::bootstrap_page_reservation_rejects_empty_or_consumed_seed ... ok
talos::memory_map::page_frames::tests::heap_expansion_policy_rejects_non_allocator_owned_source ... ok
talos::memory_map::page_frames::tests::heap_expansion_policy_uses_allocator_owned_low_tail_and_protects_reserved_frames ... ok
talos::memory_map::page_frames::tests::page_frame_ownership_contract_excludes_kernel_dtb_reservations_stack_and_tables ... ok
talos::memory_map::page_frames::tests::page_frame_ownership_contract_names_current_low_tail_partitions ... ok
talos::memory_map::page_frames::tests::page_frame_ownership_contract_rejects_mismatched_allocator_span ... ok
talos::memory_map::page_frames::tests::page_frame_reuse_allocator_allocates_frees_and_reuses_frame ... ok
talos::memory_map::page_frames::tests::page_frame_reuse_allocator_rejects_bad_metadata_contracts ... ok
talos::memory_map::page_frames::tests::page_frame_reuse_allocator_rejects_double_free_and_out_of_range_frame ... ok
talos::memory_map::page_frames::tests::page_frame_reuse_allocator_requires_metadata_outside_managed_frames ... ok
talos::memory_map::page_frames::tests::page_frame_seed_rejects_sub_page_usable_span ... ok
talos::memory_map::page_frames::tests::page_frame_seed_uses_page_aligned_usable_span ... ok
talos::memory_map::translation::tests::data_cache_enable_plan_requires_el2_active_mmu_and_icache ... ok
talos::memory_map::translation::tests::instruction_cache_enable_plan_requires_el2_and_active_mmu ... ok
talos::memory_map::translation::tests::populate_translation_tables_writes_expected_entries_and_counts ... ok
talos::memory_map::translation::tests::translation_register_plan_rejects_non_el2_or_bad_layout ... ok
talos::memory_map::translation::tests::translation_register_plan_reports_el2_no_enable_values ... ok
talos::memory_map::translation::tests::translation_table_descriptors_encode_table_normal_and_device_entries ... ok
talos::memory_map::translation::tests::translation_table_layout_rejects_too_small_reservation ... ok
talos::memory_map::translation::tests::translation_table_layout_uses_first_bootstrap_pages ... ok
talos::memory_map::translation::tests::translation_table_population_plan_reports_minimal_descriptor_shape ... ok
talos::network::tests::arp_cache_inserts_updates_misses_and_replaces_oldest_slots ... ok
talos::network::tests::arp_cache_learns_sender_from_valid_arp_requests_and_replies ... ok
talos::network::tests::arp_cache_rejects_malformed_or_unsupported_learning_without_state_change ... ok
talos::network::tests::arp_cache_zero_capacity_reports_no_capacity_without_state ... ok
talos::network::tests::arp_parser_accepts_ethernet_ipv4_request ... ok
talos::network::tests::arp_parser_rejects_truncated_and_mismatched_shapes ... ok
talos::network::tests::cache_aware_dispatch_learns_arp_reply_without_generating_a_reply ... ok
talos::network::tests::cache_aware_dispatch_learns_arp_request_and_preserves_reply_generation ... ok
talos::network::tests::cache_aware_dispatch_preserves_icmp_echo_without_arp_learning ... ok
talos::network::tests::cache_aware_dispatch_rejects_bad_arp_without_cache_mutation ... ok
talos::network::tests::cache_aware_poll_learns_arp_reply_without_transmit ... ok
talos::network::tests::cache_aware_poll_no_frame_leaves_cache_unchanged ... ok
talos::network::tests::cache_aware_poll_transmit_error_keeps_learned_sender ... ok
talos::network::tests::cache_aware_poll_transmits_arp_reply_and_learns_sender ... ok
talos::network::tests::dispatch_builds_arp_reply_for_local_ipv4_identity ... ok
talos::network::tests::dispatch_builds_icmp_echo_reply_with_valid_ipv4_and_icmp_checksums ... ok
talos::network::tests::dispatch_rejects_bad_icmp_checksum_unsupported_ethertype_and_small_icmp_output ... ok
talos::network::tests::dispatch_rejects_malformed_ipv4_icmp_protocols_and_fragments ... ok
talos::network::tests::dispatch_rejects_nonlocal_arp_and_small_arp_output_buffer ... ok
talos::network::tests::ethernet_parser_rejects_truncated_headers ... ok
talos::network::tests::ethernet_parser_splits_header_and_payload ... ok
talos::network::tests::integrated_single_ping_arps_unresolved_route_then_records_inflight_after_icmp_transmit ... ok
talos::network::tests::integrated_single_ping_preserves_inflight_on_duplicate_and_nonmatching_replies ... ok
talos::network::tests::integrated_single_ping_preserves_state_on_start_and_pending_error_boundaries ... ok
talos::network::tests::integrated_single_ping_retries_pending_arp_with_caller_owned_budget ... ok
talos::network::tests::integrated_single_ping_starts_resolved_route_and_completes_matching_reply ... ok
talos::network::tests::integrated_single_ping_timeout_and_status_are_caller_driven ... ok
talos::network::tests::ipv4_egress_route_policy_handles_zero_and_host_mask_boundaries ... ok
talos::network::tests::ipv4_egress_route_policy_reports_no_route_without_gateway ... ok
talos::network::tests::ipv4_egress_route_policy_uses_destination_for_same_subnet_next_hop ... ok
talos::network::tests::ipv4_egress_route_policy_uses_gateway_for_off_subnet_destination ... ok
talos::network::tests::ipv4_parser_accepts_header_and_payload ... ok
talos::network::tests::ipv4_parser_accepts_options_when_total_length_matches ... ok
talos::network::tests::ipv4_parser_rejects_malformed_headers ... ok
talos::network::tests::network_device_trait_moves_raw_frames_without_parsing ... ok
talos::network::tests::network_ping_descriptor_lifecycle_completes_unresolved_arp_to_echo_reply ... ok
talos::network::tests::network_ping_descriptor_maps_invalid_closed_capacity_and_busy_edges ... ok
talos::network::tests::network_ping_descriptor_maps_retry_timeout_and_io_errors ... ok
talos::network::tests::network_runtime_device_pump_advances_active_ping_from_arp_to_completed_status ... ok
talos::network::tests::network_runtime_device_pump_preserves_retry_timeout_and_terminal_observation ... ok
talos::network::tests::network_runtime_device_pump_prioritizes_local_reply_over_active_operation ... ok
talos::network::tests::network_runtime_device_pump_reports_local_and_active_transmit_errors ... ok
talos::network::tests::network_runtime_device_pump_reports_no_frame_receive_pressure_and_receive_error ... ok
talos::network::tests::network_runtime_device_pump_reports_nonlocal_no_reply_without_active_operation ... ok
talos::network::tests::network_runtime_device_pump_transmits_local_arp_reply_from_caller_buffers ... ok
talos::network::tests::network_runtime_device_pump_transmits_local_icmp_echo_reply_from_caller_buffers ... ok
talos::network::tests::outbound_arp_request_builds_complete_broadcast_request_frame ... ok
talos::network::tests::outbound_arp_request_composes_with_unresolved_neighbor_resolution_without_cache_mutation ... ok
talos::network::tests::outbound_arp_request_rejects_too_small_output_without_partial_frame ... ok
talos::network::tests::outbound_frame_construction_composes_with_cached_neighbor_resolution ... ok
talos::network::tests::outbound_frame_construction_rejects_too_small_output_without_partial_frame ... ok
talos::network::tests::outbound_frame_construction_rejects_unresolved_neighbor_without_side_effects ... ok
talos::network::tests::outbound_frame_construction_writes_resolved_neighbor_frame ... ok
talos::network::tests::outbound_ipv4_icmp_echo_request_builds_complete_resolved_neighbor_frame ... ok
talos::network::tests::outbound_ipv4_icmp_echo_request_composes_with_cached_resolution ... ok
talos::network::tests::outbound_ipv4_icmp_echo_request_rejects_payloads_too_large_for_ipv4 ... ok
talos::network::tests::outbound_ipv4_icmp_echo_request_rejects_small_output_without_partial_frame ... ok
talos::network::tests::outbound_ipv4_icmp_echo_request_rejects_unresolved_neighbor_without_side_effects ... ok
talos::network::tests::outbound_neighbor_resolution_returns_cached_mac_for_known_destination ... ok
talos::network::tests::outbound_neighbor_resolution_returns_destination_on_miss ... ok
talos::network::tests::outbound_neighbor_resolution_uses_updated_cache_entries ... ok
talos::network::tests::outbound_neighbor_resolution_zero_capacity_cache_is_deterministic_miss ... ok
talos::network::tests::outbound_one_shot_does_not_transmit_when_request_building_fails ... ok
talos::network::tests::outbound_one_shot_reports_transmit_error_after_successful_build ... ok
talos::network::tests::outbound_one_shot_transmits_arp_request_once_for_unresolved_neighbor ... ok
talos::network::tests::outbound_one_shot_transmits_icmp_request_once_for_resolved_neighbor ... ok
talos::network::tests::outbound_request_selection_builds_arp_for_unresolved_neighbor_without_cache_mutation ... ok
talos::network::tests::outbound_request_selection_builds_icmp_for_resolved_neighbor_without_cache_mutation ... ok
talos::network::tests::outbound_request_selection_rejects_resolved_buffer_pressure_without_partial_frame ... ok
talos::network::tests::outbound_request_selection_rejects_resolved_payloads_too_large_for_ipv4 ... ok
talos::network::tests::outbound_request_selection_rejects_unresolved_buffer_pressure_without_partial_frame ... ok
talos::network::tests::packet_queue_driver_pump_drains_outbound_before_polling_receive_fifo ... ok
talos::network::tests::packet_queue_driver_pump_reports_backpressure_and_device_errors_deterministically ... ok
talos::network::tests::pending_arp_reply_poll_advances_gateway_pending_to_single_icmp_transmit ... ok
talos::network::tests::pending_arp_reply_poll_distinguishes_no_pending_no_frame_and_receive_errors ... ok
talos::network::tests::pending_arp_reply_poll_preserves_pending_on_nonmatch_malformed_pressure_and_transmit_error ... ok
talos::network::tests::poll_step_distinguishes_no_reply_dispatch_and_transmit_errors ... ok
talos::network::tests::poll_step_distinguishes_receive_boundaries ... ok
talos::network::tests::poll_step_transmits_arp_reply_from_caller_owned_buffers ... ok
talos::network::tests::poll_step_transmits_icmp_echo_reply_from_caller_owned_buffers ... ok
talos::network::tests::qemu_substitute_single_ping_transaction_smoke_covers_lifecycle_and_retry_timeout ... ok
talos::network::tests::received_frame_keeps_device_movement_separate_from_protocol_parse ... ok
talos::network::tests::routed_outbound_selection_arps_for_unresolved_gateway_next_hop ... ok
talos::network::tests::routed_outbound_selection_reports_no_route_before_touching_output ... ok
talos::network::tests::routed_outbound_selection_resolves_gateway_mac_without_mutating_cache ... ok
talos::network::tests::routed_outbound_selection_wraps_frame_errors_without_cache_mutation ... ok
talos::network::tests::routed_single_pending_icmp_gateway_route_arps_gateway_and_transmits_to_final_destination ... ok
talos::network::tests::routed_single_pending_icmp_preserves_gateway_pending_on_nonmatching_arp ... ok
talos::network::tests::routed_single_pending_icmp_reports_no_route_without_pending_or_transmit ... ok
talos::network::tests::routed_single_pending_icmp_same_subnet_unresolved_arps_destination ... ok
talos::network::tests::single_inflight_icmp_echo_reply_observation_rejects_nonmatching_reply_fields ... ok
talos::network::tests::single_inflight_icmp_echo_reply_observation_reports_malformed_and_payload_pressure ... ok
talos::network::tests::single_inflight_icmp_echo_reply_poll_distinguishes_empty_and_receive_errors ... ok
talos::network::tests::single_inflight_icmp_echo_reply_poll_matches_and_clears_request ... ok
talos::network::tests::single_pending_arp_retry_reemits_stored_gateway_next_hop_and_decrements_budget ... ok
talos::network::tests::single_pending_arp_retry_reports_budget_exhaustion_without_clearing_pending ... ok
talos::network::tests::single_pending_arp_retry_reports_no_pending_buffer_pressure_and_transmit_error_boundaries ... ok
talos::network::tests::single_pending_icmp_can_advance_from_existing_cache_resolution ... ok
talos::network::tests::single_pending_icmp_matching_arp_reply_transmits_icmp_and_clears_pending ... ok
talos::network::tests::single_pending_icmp_reports_backpressure_without_replacing_pending_request ... ok
talos::network::tests::single_pending_icmp_reports_malformed_arp_and_transmit_errors_without_clearing_pending ... ok
talos::network::tests::single_pending_icmp_reports_no_pending_unresolved_and_nonmatching_arp_boundaries ... ok
talos::network::tests::single_pending_icmp_reports_payload_and_output_pressure_without_state_change ... ok
talos::network::tests::single_pending_icmp_unresolved_neighbor_transmits_arp_and_records_request ... ok
talos::network::tests::single_ping_packet_service_owns_one_transaction_lifecycle ... ok
talos::network::tests::single_ping_packet_service_preserves_state_across_edge_cases ... ok
talos::network::tests::userspace_ping_operation_completes_unresolved_arp_to_echo_reply ... ok
talos::network::tests::userspace_ping_operation_maps_busy_retry_timeout_and_io_errors ... ok
talos::posix::tests::absolute_dot_dot_clamps_above_root ... ok
talos::posix::tests::component_count_limit_maps_to_enametoolong ... ok
talos::posix::tests::component_longer_than_limit_maps_to_enametoolong ... ok
talos::posix::tests::copy_from_user_reads_complete_valid_range ... ok
talos::posix::tests::copy_to_user_writes_complete_valid_range ... ok
talos::posix::tests::copy_user_rejects_backing_storage_gaps_as_efault ... ok
talos::posix::tests::copy_user_rejects_invalid_user_ranges_as_efault ... ok
talos::posix::tests::copy_user_rejects_short_kernel_buffers_as_einval_without_side_effects ... ok
talos::posix::tests::copy_user_rejects_unmapped_no_access_and_permission_mismatch_as_efault ... ok
talos::posix::tests::copy_user_zero_length_succeeds_without_dereferencing_user_start ... ok
talos::posix::tests::default_limits_cover_normal_contract_paths ... ok
talos::posix::tests::descriptor_access_mismatch_maps_to_ebadf ... ok
talos::posix::tests::descriptor_allocate_at_rejects_invalid_or_occupied_target ... ok
talos::posix::tests::descriptor_allocate_uses_lowest_available_slot ... ok
talos::posix::tests::descriptor_dup_preserves_object_reference_and_separate_lifetime ... ok
talos::posix::tests::descriptor_flags_accept_known_bits_and_reject_unknown_bits ... ok
talos::posix::tests::descriptor_full_table_maps_allocate_and_dup_to_emfile ... ok
talos::posix::tests::descriptor_get_close_and_double_close_use_ebadf ... ok
talos::posix::tests::descriptor_object_kind_names_cover_reserved_future_kinds ... ok
talos::posix::tests::descriptor_reserved_operation_errors_are_deterministic ... ok
talos::posix::tests::dot_path_is_relative_current_directory ... ok
talos::posix::tests::embedded_nul_maps_to_einval ... ok
talos::posix::tests::empty_path_maps_to_enoent ... ok
talos::posix::tests::inherited_stdio_populates_process_local_reserved_descriptors ... ok
talos::posix::tests::inherited_stdio_requires_room_for_descriptors_zero_one_and_two ... ok
talos::posix::tests::path_longer_than_limit_maps_to_enametoolong ... ok
talos::posix::tests::posix_error_names_match_baseline_contract ... ok
talos::posix::tests::process_descriptor_close_failures_map_to_ebadf ... ok
talos::posix::tests::process_descriptor_close_reuses_lowest_slot_and_preserves_duplicates ... ok
talos::posix::tests::process_descriptor_close_stderr_follows_table_local_rule ... ok
talos::posix::tests::process_descriptor_close_stdout_blocks_descriptor_write_lookup ... ok
talos::posix::tests::process_descriptor_dup_failures_map_to_ebadf_or_emfile ... ok
talos::posix::tests::process_descriptor_lookup_failures_map_to_ebadf ... ok
talos::posix::tests::process_descriptor_owner_initializes_inherited_stdio_for_owner ... ok
talos::posix::tests::process_descriptor_store_dups_current_owner_descriptors ... ok
talos::posix::tests::process_descriptor_store_preserves_owner_and_table_errors ... ok
talos::posix::tests::process_descriptor_store_resolves_current_owner_table ... ok
talos::posix::tests::relative_current_directory_with_trailing_slash_requires_directory ... ok
talos::posix::tests::relative_dot_dot_cancels_previous_normal_component ... ok
talos::posix::tests::relative_leading_dot_dot_components_are_retained ... ok
talos::posix::tests::repeated_separators_and_dot_components_are_removed ... ok
talos::posix::tests::root_path_has_no_components ... ok
talos::posix::tests::storage_capacity_limit_maps_to_enametoolong ... ok
talos::posix::tests::trailing_slash_requires_directory_for_non_root_path ... ok
talos::posix::tests::user_access_accepts_contiguous_readable_ranges ... ok
talos::posix::tests::user_access_rejects_unmapped_and_guard_gaps_as_efault ... ok
talos::posix::tests::user_access_requires_matching_read_write_and_execute_permissions ... ok
talos::posix::tests::user_mapping_rejects_zero_length_and_null_guard_overlap ... ok
talos::posix::tests::user_range_rejects_null_guard_and_kernel_addresses_for_nonempty_ranges_as_efault ... ok
talos::posix::tests::user_range_rejects_wraparound_and_length_limit_as_efault ... ok
talos::process_address_space::tests::installs_process_address_space_with_preserved_permissions_and_leases ... ok
talos::process_address_space::tests::installs_readonly_data_pages_without_widening_permissions ... ok
talos::process_address_space::tests::rejects_bad_install_plan_before_leasing ... ok
talos::process_address_space::tests::rejects_null_guard_or_kernel_split_without_leasing ... ok
talos::process_address_space::tests::rejects_overlap_and_permission_widening_without_leasing ... ok
talos::process_address_space::tests::rolls_back_root_table_user_frame_mapping_and_copy_zero_failures ... ok
talos::process_address_space::tests::teardown_releases_owned_leases_in_order_and_is_idempotent ... ok
talos::process_install::tests::accepts_loader_readonly_data_segment_without_widening_permissions ... ok
talos::process_install::tests::derives_metadata_only_install_plan_from_fixture ... ok
talos::process_install::tests::rejects_bad_entry_without_partial_install ... ok
talos::process_install::tests::rejects_budget_overflow_without_partial_install ... ok
talos::process_install::tests::rejects_missing_segment_slot_without_partial_install ... ok
talos::process_install::tests::rejects_overlapping_pages_without_partial_install ... ok
talos::process_install::tests::rejects_permission_widening_without_partial_install ... ok
talos::process_install::tests::rejects_source_range_overflow_without_partial_install ... ok
talos::process_page_table_materialization::tests::materializes_descriptor_image_with_preserved_permissions ... ok
talos::process_page_table_materialization::tests::materializes_readonly_data_descriptors_as_el0_read_only_non_executable ... ok
talos::process_page_table_materialization::tests::rejects_activation_request_before_leasing ... ok
talos::process_page_table_materialization::tests::rejects_bad_address_space_or_install_mismatch_before_leasing ... ok
talos::process_page_table_materialization::tests::rejects_unsupported_multiple_l2_topology_without_leasing ... ok
talos::process_page_table_materialization::tests::rolls_back_resource_exhaustion_and_population_failures ... ok
talos::process_page_table_materialization::tests::teardown_clears_descriptors_and_releases_leases_once ... ok
talos::program_loader::tests::phase8_init_fixture_produces_image_plan_only ... ok
talos::program_loader::tests::phase8_init_loader_reports_vfs_source_errors ... ok
talos::program_loader::tests::rejects_bad_entry_outside_executable_text ... ok
talos::program_loader::tests::rejects_bad_magic_before_plan ... ok
talos::program_loader::tests::rejects_dynamic_interpreter_program_header ... ok
talos::program_loader::tests::rejects_file_range_overflow_without_partial_plan ... ok
talos::program_loader::tests::rejects_malformed_program_header_range ... ok
talos::program_loader::tests::rejects_out_of_user_range_segment ... ok
talos::program_loader::tests::rejects_rounded_segment_overlap ... ok
talos::program_loader::tests::rejects_unsupported_type_and_machine ... ok
talos::program_loader::tests::rejects_writable_executable_segment ... ok
talos::rp1_ethernet::tests::rp1_ethernet_bcm54213pe_autoneg_convergence_core_rejects_drift ... ok
talos::rp1_ethernet::tests::rp1_ethernet_bcm54213pe_autoneg_convergence_core_shapes_candidate_and_control ... ok
talos::rp1_ethernet::tests::rp1_ethernet_bcm54213pe_bmcr_autoneg_restart_core_rejects_drift ... ok
talos::rp1_ethernet::tests::rp1_ethernet_bcm54213pe_bmcr_autoneg_restart_core_shapes_candidate_and_control ... ok
talos::rp1_ethernet::tests::rp1_ethernet_bcm54213pe_boot_transport_sentinel_core_is_no_ethernet_no_mdio ... ok
talos::rp1_ethernet::tests::rp1_ethernet_bcm54213pe_boot_transport_sentinel_core_rejects_target_facts ... ok
talos::rp1_ethernet::tests::rp1_ethernet_bcm54213pe_master_mode_autoneg_source_contract_rejects_drift ... ok
talos::rp1_ethernet::tests::rp1_ethernet_bcm54213pe_master_mode_autoneg_source_contract_shapes_candidate_and_control ... ok
talos::rp1_ethernet::tests::rp1_ethernet_bcm54213pe_master_mode_source_contract_rejects_drift ... ok
talos::rp1_ethernet::tests::rp1_ethernet_bcm54213pe_master_mode_source_contract_shapes_candidate_and_control ... ok
talos::rp1_ethernet::tests::rp1_ethernet_bcm54213pe_readonly_preflight_formats_candidate_report ... ok
talos::rp1_ethernet::tests::rp1_ethernet_bcm54213pe_readonly_preflight_formats_paired_control ... ok
talos::rp1_ethernet::tests::rp1_ethernet_bcm54213pe_readonly_preflight_hw_proof_core_shapes_candidate_and_control ... ok
talos::rp1_ethernet::tests::rp1_ethernet_bcm54213pe_readonly_preflight_rejects_shape_and_overclaims ... ok
talos::rp1_ethernet::tests::rp1_ethernet_bcm54213pe_readonly_preflight_v2_core_adds_freshness_markers ... ok
talos::rp1_ethernet::tests::rp1_ethernet_bcm54213pe_readonly_preflight_v2_core_rejects_drift ... ok
talos::rp1_ethernet::tests::rp1_ethernet_bcm54213pe_rgmii_delay_core_rejects_drift ... ok
talos::rp1_ethernet::tests::rp1_ethernet_bcm54213pe_rgmii_delay_core_shapes_candidate_and_control ... ok
talos::rp1_ethernet::tests::rp1_ethernet_bcm54213pe_tx_selected_read_discriminator_core_rejects_drift ... ok
talos::rp1_ethernet::tests::rp1_ethernet_bcm54213pe_tx_selected_read_discriminator_core_shapes_candidate_and_control ... ok
talos::rp1_ethernet::tests::rp1_ethernet_bootinfo_report_serial_visibility_core_rejects_marker_and_claim_drift ... ok
talos::rp1_ethernet::tests::rp1_ethernet_bootinfo_report_serial_visibility_core_shapes_dual_stage_markers ... ok
talos::rp1_ethernet::tests::rp1_ethernet_clk_eth_ctrl_write_restore_formats_candidate_report ... ok
talos::rp1_ethernet::tests::rp1_ethernet_clk_eth_ctrl_write_restore_formats_paired_control ... ok
talos::rp1_ethernet::tests::rp1_ethernet_clk_eth_ctrl_write_restore_rejects_shape_and_overclaims ... ok
talos::rp1_ethernet::tests::rp1_ethernet_clock_reset_guard_formats_candidate_report ... ok
talos::rp1_ethernet::tests::rp1_ethernet_clock_reset_guard_formats_paired_control ... ok
talos::rp1_ethernet::tests::rp1_ethernet_clock_reset_guard_rejects_overclaims ... ok
talos::rp1_ethernet::tests::rp1_ethernet_clock_reset_guard_rejects_shape_bypass ... ok
talos::rp1_ethernet::tests::rp1_ethernet_clock_reset_write_restore_formats_candidate_report ... ok
talos::rp1_ethernet::tests::rp1_ethernet_clock_reset_write_restore_formats_paired_control ... ok
talos::rp1_ethernet::tests::rp1_ethernet_clock_reset_write_restore_rejects_forbidden_claims ... ok
talos::rp1_ethernet::tests::rp1_ethernet_clock_reset_write_restore_rejects_shape_bypass ... ok
talos::rp1_ethernet::tests::rp1_ethernet_gem_mid_decode_discriminator_formats_candidate_shape ... ok
talos::rp1_ethernet::tests::rp1_ethernet_gem_mid_decode_discriminator_formats_no_mmio_no_ethernet_control ... ok
talos::rp1_ethernet::tests::rp1_ethernet_gem_mid_decode_discriminator_rejects_overclaims ... ok
talos::rp1_ethernet::tests::rp1_ethernet_gem_mid_decode_discriminator_rejects_shape_bypass ... ok
talos::rp1_ethernet::tests::rp1_ethernet_gem_mid_report_formats_candidate_contract ... ok
talos::rp1_ethernet::tests::rp1_ethernet_gem_mid_report_formats_no_mmio_control ... ok
talos::rp1_ethernet::tests::rp1_ethernet_gem_mid_report_rejects_overclaims ... ok
talos::rp1_ethernet::tests::rp1_ethernet_gem_mid_report_rejects_shape_and_contract_bypass ... ok
talos::rp1_ethernet::tests::rp1_ethernet_gpio32_event_clear_guard_formats_candidate_report ... ok
talos::rp1_ethernet::tests::rp1_ethernet_gpio32_event_clear_guard_formats_paired_control ... ok
talos::rp1_ethernet::tests::rp1_ethernet_gpio32_event_clear_guard_rejects_shape_and_overclaims ... ok
talos::rp1_ethernet::tests::rp1_ethernet_gpio32_event_state_formats_candidate_report ... ok
talos::rp1_ethernet::tests::rp1_ethernet_gpio32_event_state_formats_control_and_source_unresolved ... ok
talos::rp1_ethernet::tests::rp1_ethernet_gpio32_event_state_rejects_shape_and_overclaims ... ok
talos::rp1_ethernet::tests::rp1_ethernet_gpio32_phy_reset_preflight_formats_candidate_report ... ok
talos::rp1_ethernet::tests::rp1_ethernet_gpio32_phy_reset_preflight_formats_paired_control ... ok
talos::rp1_ethernet::tests::rp1_ethernet_gpio32_phy_reset_preflight_rejects_shape_and_overclaims ... ok
talos::rp1_ethernet::tests::rp1_ethernet_gpio32_phy_reset_write_restore_guard_formats_candidate_report ... ok
talos::rp1_ethernet::tests::rp1_ethernet_gpio32_phy_reset_write_restore_guard_formats_control_and_blocked ... ok
talos::rp1_ethernet::tests::rp1_ethernet_gpio32_phy_reset_write_restore_guard_rejects_shape_and_overclaims ... ok
talos::rp1_ethernet::tests::rp1_ethernet_kernel_entry_serial_beacon_core_is_earliest_no_ethernet_beacon ... ok
talos::rp1_ethernet::tests::rp1_ethernet_kernel_entry_serial_beacon_core_rejects_broader_claims ... ok
talos::rp1_ethernet::tests::rp1_ethernet_mdio_mpe_enable_guard_formats_candidate_report ... ok
talos::rp1_ethernet::tests::rp1_ethernet_mdio_mpe_enable_guard_formats_paired_control ... ok
talos::rp1_ethernet::tests::rp1_ethernet_mdio_mpe_enable_guard_rejects_shape_and_overclaims ... ok
talos::rp1_ethernet::tests::rp1_ethernet_mdio_phy_id_after_mpe_guard_formats_candidate_report ... ok
talos::rp1_ethernet::tests::rp1_ethernet_mdio_phy_id_after_mpe_guard_formats_paired_control ... ok
talos::rp1_ethernet::tests::rp1_ethernet_mdio_phy_id_after_mpe_guard_rejects_shape_and_overclaims ... ok
talos::rp1_ethernet::tests::rp1_ethernet_mdio_phy_id_guard_formats_candidate_report ... ok
talos::rp1_ethernet::tests::rp1_ethernet_mdio_phy_id_guard_formats_paired_control ... ok
talos::rp1_ethernet::tests::rp1_ethernet_mdio_phy_id_guard_rejects_shape_and_overclaims ... ok
talos::rp1_ethernet::tests::rp1_ethernet_mdio_register_vector_guard_formats_candidate_report ... ok
talos::rp1_ethernet::tests::rp1_ethernet_mdio_register_vector_guard_formats_paired_control ... ok
talos::rp1_ethernet::tests::rp1_ethernet_mdio_register_vector_guard_rejects_shape_and_overclaims ... ok
talos::rp1_ethernet::tests::rp1_ethernet_observed_window_discriminator_formats_candidate_shape ... ok
talos::rp1_ethernet::tests::rp1_ethernet_observed_window_discriminator_formats_no_mmio_no_ethernet_control ... ok
talos::rp1_ethernet::tests::rp1_ethernet_observed_window_discriminator_rejects_overclaims ... ok
talos::rp1_ethernet::tests::rp1_ethernet_observed_window_discriminator_rejects_shape_bypass ... ok
talos::rp1_ethernet::tests::rp1_ethernet_phy1_gigabit_preflight_decodes_selected_registers ... ok
talos::rp1_ethernet::tests::rp1_ethernet_phy1_status_decodes_accepted_v4_vector ... ok
talos::rp1_ethernet::tests::rp1_ethernet_prereq_ownership_formats_candidate_report ... ok
talos::rp1_ethernet::tests::rp1_ethernet_prereq_ownership_formats_paired_control ... ok
talos::rp1_ethernet::tests::rp1_ethernet_prereq_ownership_rejects_overclaims ... ok
talos::rp1_ethernet::tests::rp1_ethernet_prereq_ownership_rejects_shape_bypass ... ok
talos::runtime_console::tests::default_console_input_names_unavailable_and_backend_error_outcomes ... ok
talos::runtime_console::tests::default_console_input_reports_byte_and_no_data_outcomes ... ok
talos::runtime_console::tests::default_console_output_uses_named_runtime_console_boundary ... ok
talos::runtime_console::tests::runtime_console_names_the_default_kernel_console ... ok
talos::runtime_console::tests::runtime_console_reports_backend_write_failure ... ok
talos::runtime_console::tests::runtime_console_routes_formatted_kernel_text_to_backend ... ok
talos::runtime_console::tests::runtime_console_routes_static_kernel_text_to_backend ... ok
talos::runtime_console::tests::runtime_console_routes_user_bytes_to_backend ... ok
talos::scheduler::tests::context_frame_bootstrap_records_thread_entry_and_argument ... ok
talos::scheduler::tests::context_frame_layout_matches_aarch64_switch_offsets ... ok
talos::scheduler::tests::cpu_local_preemption_cycle_keeps_pending_request_after_no_runnable_error ... ok
talos::scheduler::tests::cpu_local_preemption_cycle_rejects_mismatched_current_task_before_service ... ok
talos::scheduler::tests::cpu_local_preemption_cycle_rejects_wrong_owner_before_queue_mutation ... ok
talos::scheduler::tests::cpu_local_preemption_cycle_services_owner_local_pending_request ... ok
talos::scheduler::tests::cpu_local_scheduler_service_drains_wakes_dispatches_and_refreshes_metadata ... ok
talos::scheduler::tests::cpu_local_scheduler_service_handles_timer_preemption_before_metadata_refresh ... ok
talos::scheduler::tests::cpu_local_scheduler_service_preserves_explicit_error_boundaries ... ok
talos::scheduler::tests::kernel_stack_records_bounds_without_owning_process_resources ... ok
talos::scheduler::tests::kernel_thread_starts_runnable_without_process_owner ... ok
talos::scheduler::tests::load_balancing_policy_rejects_destination_backpressure_before_publication ... ok
talos::scheduler::tests::load_balancing_policy_rejects_invalid_destination_role_and_cpu_id ... ok
talos::scheduler::tests::load_balancing_policy_rejects_shared_backpressure_and_preserves_single_owner_queue ... ok
talos::scheduler::tests::load_balancing_policy_rejects_stale_plan_without_source_queue_mutation ... ok
talos::scheduler::tests::load_balancing_policy_selects_front_candidate_and_publishes_shared_handoff ... ok
talos::scheduler::tests::logical_cpu_id_preserves_cpu_local_owner_identity ... ok
talos::scheduler::tests::make_runnable_rejects_full_queue_without_mutating_task_or_counters ... ok
talos::scheduler::tests::per_core_preemption_state_records_only_local_timer_requests ... ok
talos::scheduler::tests::per_core_scheduler_keeps_secondary_dispatch_deferred ... ok
talos::scheduler::tests::per_core_scheduler_local_queue_keeps_single_core_invariants ... ok
talos::scheduler::tests::per_core_scheduler_records_boot_cpu_owner_and_current_task ... ok
talos::scheduler::tests::per_core_scheduler_rejects_cross_owner_queue_mutation ... ok
talos::scheduler::tests::preemption_state_defers_service_while_disabled_and_balances_nested_sections ... ok
talos::scheduler::tests::process_owner_is_explicit_future_extension_point ... ok
talos::scheduler::tests::production_scheduler_runtime_records_timer_irq_without_scheduler_mutation ... ok
talos::scheduler::tests::production_scheduler_runtime_rejects_unowned_or_deferred_timer_irq_recording ... ok
talos::scheduler::tests::production_scheduler_runtime_services_pending_preemption_owner_locally ... ok
talos::scheduler::tests::production_secondary_diagnostic_dispatches_only_local_runnable_task ... ok
talos::scheduler::tests::production_secondary_diagnostic_rejects_cross_owner_dispatch ... ok
talos::scheduler::tests::production_secondary_diagnostic_rejects_mismatched_or_nonrunnable_task ... ok
talos::scheduler::tests::remote_wake_queue_coalesces_duplicate_task_requests ... ok
talos::scheduler::tests::remote_wake_queue_rejects_overflow_and_cross_owner_consumption ... ok
talos::scheduler::tests::remote_wake_queue_rejects_self_and_wrong_target_publication ... ok
talos::scheduler::tests::runnable_queue_dequeues_in_fifo_order_and_resets_when_empty ... ok
talos::scheduler::tests::runnable_queue_removes_middle_and_preserves_fifo_order ... ok
talos::scheduler::tests::runnable_queue_removes_wrapped_entry_and_keeps_tail_reusable ... ok
talos::scheduler::tests::runnable_queue_wraps_tail_and_rejects_overflow ... ok
talos::scheduler::tests::scheduler_tracks_state_transition_when_making_task_runnable ... ok
talos::scheduler::tests::secondary_scheduler_service_loop_consumes_remote_wake_without_dispatch ... ok
talos::scheduler::tests::secondary_scheduler_service_loop_dispatches_local_runnable_task ... ok
talos::scheduler::tests::secondary_scheduler_service_loop_handles_timer_preemption_before_dispatch ... ok
talos::scheduler::tests::secondary_scheduler_service_loop_rejects_deferred_secondary_role ... ok
talos::scheduler::tests::secondary_scheduler_service_loop_rejects_wrong_owner_before_consuming_wake ... ok
talos::scheduler::tests::secondary_scheduler_service_loop_reports_no_work_after_metadata_refresh ... ok
talos::scheduler::tests::shared_run_queue_destination_consumes_and_updates_metadata_owner ... ok
talos::scheduler::tests::shared_run_queue_lock_wraps_only_shared_handoff_queue ... ok
talos::scheduler::tests::shared_run_queue_publishes_migration_without_cross_owner_local_enqueue ... ok
talos::scheduler::tests::shared_run_queue_rejects_deferred_destination_and_duplicate_local_enqueue ... ok
talos::scheduler::tests::shared_run_queue_rejects_running_blocked_duplicate_and_full_cases ... ok
talos::scheduler::tests::shared_run_queue_rejects_stale_generation_without_source_queue_mutation ... ok
talos::scheduler::tests::shared_scheduler_metadata_lock_protects_metadata_table_only ... ok
talos::scheduler::tests::shared_scheduler_metadata_refresh_tracks_owner_local_membership ... ok
talos::scheduler::tests::shared_scheduler_metadata_registers_local_task_snapshot ... ok
talos::scheduler::tests::shared_scheduler_metadata_rejects_cross_owner_publication_without_queue_mutation ... ok
talos::scheduler::tests::shared_scheduler_metadata_rejects_duplicate_and_unknown_tasks ... ok
talos::scheduler::tests::shared_scheduler_metadata_rejects_invalid_owner_and_task_id_zero ... ok
talos::scheduler::tests::target_owned_wake_consumption_makes_only_local_blocked_task_runnable ... ok
talos::scheduler::tests::target_owned_wake_consumption_rejects_cross_owner_and_nonlocal_tasks ... ok
talos::scheduler::tests::target_owned_wake_consumption_rejects_duplicate_local_enqueue ... ok
talos::scheduler::tests::task_can_be_marked_running_without_context_switch_implementation ... ok
talos::scheduler::tests::task_id_rejects_zero_and_preserves_scheduler_local_value ... ok
talos::scheduler::tests::timer_preempt_allows_one_slot_queue_by_dequeuing_before_requeue ... ok
talos::scheduler::tests::timer_preempt_requeues_current_without_counting_voluntary_yield ... ok
talos::scheduler::tests::voluntary_yield_allows_one_slot_queue_by_dequeuing_before_requeue ... ok
talos::scheduler::tests::voluntary_yield_rejects_non_running_or_empty_dispatch ... ok
talos::scheduler::tests::voluntary_yield_requeues_current_and_counts_dispatch_switch ... ok
talos::smoke_test_runs ... ok
talos::smp::tests::controlled_workload_records_progress_and_completion ... ok
talos::smp::tests::core_lifecycle_names_match_bringup_contract ... ok
talos::smp::tests::per_core_state_records_identity_stack_and_handoff ... ok
talos::smp::tests::pi5_mpidr_affinity_maps_four_cortex_a76_cores ... ok
talos::smp::tests::republish_identity_refreshes_identity_without_resetting_progress ... ok
talos::smp::tests::stack_layout_gives_each_possible_core_a_distinct_slot ... ok
talos::smp_sync::tests::irqsave_lock_composes_mask_before_guard_and_restores_on_drop ... ok
talos::smp_sync::tests::smp_full_barrier_is_callable_from_tests ... ok
talos::smp_sync::tests::spin_lock_guard_mutates_and_releases_on_drop ... ok
talos::smp_sync::tests::spin_lock_is_non_recursive_by_policy ... ok
talos::smp_sync::tests::spin_lock_starts_unlocked_and_try_lock_sets_state ... ok
talos::syscall::tests::copy_probe_dispatch_reports_fault_for_unmapped_user_range ... ok
talos::syscall::tests::copy_probe_dispatch_uses_explicit_mapping_and_backing_storage ... ok
talos::syscall::tests::copy_probe_number_is_unknown_outside_proof_dispatch ... ok
talos::syscall::tests::descriptor_close_number_requires_context_in_scalar_dispatch ... ok
talos::syscall::tests::descriptor_dup_number_requires_context_in_scalar_dispatch ... ok
talos::syscall::tests::descriptor_open_number_requires_initramfs_context_in_scalar_dispatch ... ok
talos::syscall::tests::descriptor_read_number_requires_context_in_scalar_dispatch ... ok
talos::syscall::tests::descriptor_shaped_ping_control_completes_single_runtime_pump_lifecycle ... ok
talos::syscall::tests::descriptor_shaped_ping_control_maps_caller_receive_buffer_pressure_to_enospc ... ok
talos::syscall::tests::descriptor_shaped_ping_control_maps_descriptor_capacity_retry_timeout_and_io_errors ... ok
talos::syscall::tests::descriptor_write_dispatch_preserves_scalar_syscall_regressions ... ok
talos::syscall::tests::descriptor_write_number_requires_context_in_scalar_dispatch ... ok
talos::syscall::tests::ping_operation_syscall_substitute_completes_unresolved_arp_to_echo_reply ... ok
talos::syscall::tests::ping_operation_syscall_substitute_maps_descriptor_and_device_errors ... ok
talos::syscall::tests::posix_error_vocabulary_encodes_as_negative_errno_x0_values ... ok
talos::syscall::tests::process_local_ping_descriptor_control_completes_lifecycle_through_process_descriptor ... ok
talos::syscall::tests::process_local_ping_descriptor_control_maps_capacity_busy_closed_retry_timeout_and_io_errors ... ok
talos::syscall::tests::process_local_ping_dispatch_completes_lifecycle_through_dispatch_shape ... ok
talos::syscall::tests::process_local_ping_dispatch_maps_descriptor_capacity_and_runtime_errors ... ok
talos::syscall::tests::process_local_ping_user_arguments_complete_lifecycle_and_copy_outputs ... ok
talos::syscall::tests::process_local_ping_user_arguments_reject_malformed_owner_descriptor_capacity_and_buffers ... ok
talos::syscall::tests::runtime_ping_syscall_substitute_completes_unresolved_arp_to_echo_reply_through_runtime_pump ... ok
talos::syscall::tests::runtime_ping_syscall_substitute_keeps_local_responder_working_with_open_descriptor ... ok
talos::syscall::tests::runtime_ping_syscall_substitute_maps_descriptor_capacity_timeout_and_device_errors ... ok
talos::syscall::tests::scalar_argument_view_preserves_x0_through_x5_values ... ok
talos::syscall::tests::socket_number_requires_socket_table_context_in_scalar_dispatch ... ok
talos::syscall::tests::stable_svc_immediate_is_zero_and_diagnostic_marker_is_not_stable ... ok
talos::syscall::tests::syscall_number_zero_dispatches_to_talos_nop_success ... ok
talos::syscall::tests::talos_close_failures_are_deterministic_and_do_not_mutate_on_einval ... ok
talos::syscall::tests::talos_close_preserves_duplicate_descriptor_lifetime ... ok
talos::syscall::tests::talos_close_stderr_uses_the_same_table_local_rule ... ok
talos::syscall::tests::talos_close_stdout_blocks_later_process_descriptor_write ... ok
talos::syscall::tests::talos_dup_duplicate_remains_writable_after_source_close ... ok
talos::syscall::tests::talos_dup_failures_are_deterministic_and_do_not_mutate_on_einval ... ok
talos::syscall::tests::talos_dup_full_table_returns_emfile_without_mutation ... ok
talos::syscall::tests::talos_dup_stderr_and_stdin_follow_table_local_descriptor_rules ... ok
talos::syscall::tests::talos_dup_stdout_returns_lowest_free_descriptor_and_preserves_source ... ok
talos::syscall::tests::talos_open_initramfs_errors_do_not_allocate_descriptors_or_files ... ok
talos::syscall::tests::talos_open_initramfs_then_read_exposes_regular_file_contents ... ok
talos::syscall::tests::talos_read_copy_faults_do_not_consume_fixed_input ... ok
talos::syscall::tests::talos_read_duplicate_of_stdin_shares_fixed_input_cursor ... ok
talos::syscall::tests::talos_read_fd_errors_do_not_copy_or_consume_input ... ok
talos::syscall::tests::talos_read_initramfs_errors_preserve_file_offset_and_user_memory ... ok
talos::syscall::tests::talos_read_reports_enotsup_for_non_stdin_readable_objects_or_missing_source ... ok
talos::syscall::tests::talos_read_reserved_registers_reject_without_mutation ... ok
talos::syscall::tests::talos_read_short_count_and_eof_are_bounded_to_fixed_input ... ok
talos::syscall::tests::talos_read_stdin_copies_fixed_input_and_advances_after_copy ... ok
talos::syscall::tests::talos_read_zero_length_does_not_consume_or_use_destination ... ok
talos::syscall::tests::talos_socket_close_rejects_wrong_owner_socket_backing ... ok
talos::syscall::tests::talos_socket_errors_are_deterministic_and_do_not_allocate_on_failure ... ok
talos::syscall::tests::talos_socket_opens_af_inet_stream_descriptor_and_close_drops_backing ... ok
talos::syscall::tests::talos_write_backend_failure_is_encoded_as_eio_not_success ... ok
talos::syscall::tests::talos_write_rejects_read_only_and_invalid_descriptors_without_output ... ok
talos::syscall::tests::talos_write_rejects_reserved_registers_and_oversize_lengths_as_einval ... ok
talos::syscall::tests::talos_write_rejects_unmapped_user_ranges_without_output ... ok
talos::syscall::tests::talos_write_stderr_uses_the_same_runtime_console_slice ... ok
talos::syscall::tests::talos_write_stdout_copies_user_bytes_before_runtime_console_output ... ok
talos::syscall::tests::talos_write_zero_length_validates_descriptor_without_console_output ... ok
talos::syscall::tests::unknown_syscall_dispatches_to_negative_enosys ... ok
talos::syscall::tests::vfs_path_errors_do_not_collapse_to_enosys ... ok
talos::syscall::tests::vfs_ping_diagnostic_svc_fixture_completes_vfs_backed_user_lifecycle ... ok
talos::syscall::tests::vfs_ping_diagnostic_svc_fixture_maps_contract_error_controls ... ok
talos::syscall::tests::vfs_ping_diagnostic_svc_fixture_maps_packet_queue_controls ... ok
talos::syscall::tests::vfs_ping_diagnostic_svc_fixture_records_packet_queue_lifecycle ... ok
talos::target::qemu_virt::tests::qemu_mpidr_affinity_maps_four_virt_cpus ... ok
talos::target::rpi5::tests::pi5_uart10_address_matches_bcm2712_soc_range ... ok
talos::target::tests::target_services_include_qemu_console ... ok
talos::tty::tests::canonical_lite_applies_backspace_delete_control_truncation_and_newline ... ok
talos::tty::tests::line_discipline_cancels_current_line_on_ctrl_c ... ok
talos::tty::tests::line_discipline_collapses_newline_forms_to_crlf_echo ... ok
talos::tty::tests::line_discipline_handles_tab_printable_and_editing_bytes ... ok
talos::tty::tests::line_discipline_kills_current_line_on_ctrl_u_without_termination ... ok
talos::tty::tests::line_discipline_marks_control_event_truncation ... ok
talos::tty::tests::line_discipline_records_deferred_control_event_names ... ok
talos::tty::tests::line_discipline_reports_buffer_limit_without_implicit_timeout ... ok
talos::tty::tests::polling_rx_diagnostic_reports_bounded_timeout_without_input ... ok
talos::tty::tests::raw_mode_passes_bytes_without_canonical_translation_or_echo ... ok
test result: ok. 668 passed
qemu-shell-sockdiag-open-close-smoke: cargo-test-filter=talos_socket_opens_af_inet_stream_descriptor_and_close_drops_backing

running 668 talos no_std tests
talos::allocator::tests::allocation_advances_with_alignment_and_updates_accounting ... ok
talos::allocator::tests::direct_global_allocator_style_smoke_preserves_accounting ... ok
talos::allocator::tests::fallible_allocation_reports_alignment_overflow_separately ... ok
talos::allocator::tests::fallible_allocation_reports_exhaustion_without_advancing ... ok
talos::allocator::tests::init_rejects_inconsistent_allocator_plan_contracts ... ok
talos::allocator::tests::init_state_tracks_allocator_bounds_and_capacity ... ok
talos::allocator::tests::oversized_allocation_returns_null_without_advancing ... ok
talos::allocator::tests::realloc_growth_allocates_new_region_and_preserves_prefix ... ok
talos::allocator::tests::uninitialized_allocation_returns_null ... ok
talos::arch::aarch64::exceptions::tests::diagnostic_marker_does_not_route_as_production_syscall ... ok
talos::arch::aarch64::exceptions::tests::irq_dispatch_stub_counts_and_records_context_without_frame ... ok
talos::arch::aarch64::exceptions::tests::irq_vector_classifier_names_irq_slots ... ok
talos::arch::aarch64::exceptions::tests::lower_aarch64_svc_zero_routes_through_syscall_dispatch ... ok
talos::arch::aarch64::exceptions::tests::unknown_syscall_routes_to_negative_enosys ... ok
talos::arch::aarch64::generic_timer::tests::first_smoke_delta_has_small_frequency_floor ... ok
talos::arch::aarch64::generic_timer::tests::monotonic_tick_counter_resets ... ok
talos::arch::aarch64::generic_timer::tests::periodic_tick_delta_can_be_configured ... ok
talos::arch::aarch64::generic_timer::tests::periodic_tick_policy_uses_centisecond_floor ... ok
talos::arch::aarch64::gicv2::tests::sgi_all_except_self_value_encodes_filter_and_intid ... ok
talos::arch::aarch64::gicv2::tests::sgi_target_list_value_encodes_intid_and_targets ... ok
talos::arch::aarch64::gicv2::tests::spurious_intid_matches_gicv2_architecture ... ok
talos::arch::aarch64::tests::irq_mask_state_records_masked_snapshot ... ok
talos::arch::aarch64::tests::irq_mask_state_records_unmasked_snapshot ... ok
talos::arch::aarch64::tests::mpidr_affinity_masks_non_affinity_bits ... ok
talos::arch::aarch64::tests::nested_irq_mask_restore_preserves_outer_masked_state ... ok
talos::device_tree::chosen::tests::device_tree_reads_chosen_bootargs ... ok
talos::device_tree::chosen::tests::device_tree_reads_chosen_initrd_range ... ok
talos::device_tree::memory::tests::device_tree_reads_memory_banks ... ok
talos::device_tree::memory::tests::device_tree_reads_memory_reservations ... ok
talos::device_tree::memory::tests::device_tree_reads_multiple_root_memory_nodes ... ok
talos::device_tree::memory::tests::device_tree_reads_reserved_memory_ranges ... ok
talos::device_tree::memory::tests::memory_cell_decoder_accepts_only_one_or_two_complete_cells ... ok
talos::device_tree::raw::tests::device_tree_reads_fdt_header ... ok
talos::device_tree::raw::tests::raw_fdt_helpers_bound_alignment_blocks_and_strings ... ok
talos::diagnostic_command::tests::dispatcher_lists_bounded_default_commands ... ok
talos::diagnostic_command::tests::dispatcher_propagates_response_sink_failure ... ok
talos::diagnostic_command::tests::dispatcher_reports_deterministic_status_without_posix_state ... ok
talos::diagnostic_command::tests::dispatcher_reports_unknown_parse_and_argument_errors ... ok
talos::diagnostic_command::tests::parser_accepts_completed_tty_line_tokens ... ok
talos::diagnostic_command::tests::parser_rejects_non_command_shell_syntax_and_bounds ... ok
talos::dma_cache::tests::driver_diagnostic_envelope_formats_accepted_executor_evidence ... ok
talos::dma_cache::tests::driver_diagnostic_envelope_rejects_line_coverage_overflow_and_completion_claims ... ok
talos::dma_cache::tests::driver_diagnostic_envelope_rejects_non_accepted_executor_and_missing_prerequisites ... ok
talos::dma_cache::tests::driver_diagnostic_envelope_rejects_unsupported_claims_and_missing_rejected_claims ... ok
talos::dma_cache::tests::maintenance_executor_accepts_invalidate_and_clean_invalidate_dispatch_vocabularies ... ok
talos::dma_cache::tests::maintenance_executor_dispatches_clean_sequence_and_formats_evidence ... ok
talos::dma_cache::tests::maintenance_executor_rejects_contract_classification_and_identity_bypass ... ok
talos::dma_cache::tests::maintenance_executor_rejects_line_coverage_overflow_and_range_mismatch ... ok
talos::dma_cache::tests::maintenance_executor_rejects_unsupported_operation_instruction_and_barrier ... ok
talos::dma_cache::tests::maintenance_sequence_derives_clean_instruction_barrier_and_evidence ... ok
talos::dma_cache::tests::maintenance_sequence_derives_invalidate_and_clean_invalidate_instructions ... ok
talos::dma_cache::tests::maintenance_sequence_rejects_non_accepted_sync_plan_and_descriptor_mismatch ... ok
talos::dma_cache::tests::maintenance_sequence_rejects_zero_mismatch_overflow_and_runtime_claims ... ok
talos::dma_cache::tests::small_diagnostic_plan_formats_accepted_envelope_and_rp1_dma_source_facts ... ok
talos::dma_cache::tests::small_diagnostic_plan_rejects_completion_and_driver_readiness_claims ... ok
talos::dma_cache::tests::small_diagnostic_plan_rejects_controller_source_and_policy_claims ... ok
talos::dma_cache::tests::small_diagnostic_plan_rejects_non_accepted_envelope_and_missing_prerequisites ... ok
talos::dma_cache::tests::small_diagnostic_visibility_report_formats_candidate_plan_evidence ... ok
talos::dma_cache::tests::small_diagnostic_visibility_report_formats_no_plan_control ... ok
talos::dma_cache::tests::small_diagnostic_visibility_report_rejects_overclaims ... ok
talos::dma_cache::tests::small_diagnostic_visibility_report_rejects_shape_and_plan_bypass ... ok
talos::dma_cache::tests::sync_plan_covers_unaligned_cpu_visible_range_with_cache_lines ... ok
talos::dma_cache::tests::sync_plan_derives_bidirectional_shared_clean_invalidate ... ok
talos::dma_cache::tests::sync_plan_derives_from_device_after_ownership_invalidate ... ok
talos::dma_cache::tests::sync_plan_derives_to_device_before_ownership_clean ... ok
talos::dma_cache::tests::sync_plan_rejects_non_accepted_descriptor_classification_inputs ... ok
talos::dma_cache::tests::sync_plan_rejects_overflow_unsupported_claims_and_boundary_pairs ... ok
talos::dma_cache::tests::translation_helpers_cover_ram_peripheral_range_and_overflow ... ok
talos::dma_cache::tests::valid_rp1_ram_window_descriptor_emits_local_static_evidence ... ok
talos::dma_cache::tests::validator_rejects_forbidden_cacheability_and_iommu_claims ... ok
talos::dma_cache::tests::validator_rejects_forbidden_reserved_and_high_memory_inputs ... ok
talos::dma_cache::tests::validator_rejects_owned_span_escape ... ok
talos::dma_cache::tests::validator_rejects_unaligned_descriptor ... ok
talos::early_format::tests::decimal_formatter_writes_zero_and_multi_digit_values ... ok
talos::early_format::tests::hex_formatter_uses_minimal_digits ... ok
talos::early_format::tests::hex_formatter_writes_full_width_u64_values ... ok
talos::initial_process_launch::tests::prepares_launch_plan_without_runnable_side_effects ... ok
talos::initial_process_launch::tests::rejects_activation_stack_and_scheduler_requests ... ok
talos::initial_process_launch::tests::rejects_bad_identity_before_publication ... ok
talos::initial_process_launch::tests::rejects_destroyed_inputs_without_partial_launch ... ok
talos::initial_process_launch::tests::rejects_entry_mismatch_as_not_executable ... ok
talos::initial_process_launch::tests::rejects_forbidden_entry_range ... ok
talos::initial_process_launch::tests::rejects_runnable_commit_without_partial_launch_or_publication ... ok
talos::initial_user_stack::tests::builds_initial_stack_plan_with_fixed_layout_and_accounting ... ok
talos::initial_user_stack::tests::capacity_exhaustion_releases_partial_stack_leases ... ok
talos::initial_user_stack::tests::records_minimal_argv_startup_payload_and_launch_binding_without_live_side_effects ... ok
talos::initial_user_stack::tests::rejects_already_stack_ready_launch_input_without_leasing ... ok
talos::initial_user_stack::tests::rejects_bad_stack_range_and_executable_permissions_without_leasing ... ok
talos::initial_user_stack::tests::rejects_image_overlap_without_leasing ... ok
talos::initial_user_stack::tests::rejects_live_launch_requests_without_partial_launch_or_publication ... ok
talos::initial_user_stack::tests::teardown_releases_only_stack_owned_leases_and_is_idempotent ... ok
talos::initramfs::tests::copy_faults_and_invalid_scratch_do_not_mutate_offsets_or_user_bytes ... ok
talos::initramfs::tests::descriptor_facing_read_rejects_directory_and_unsupported_objects ... ok
talos::initramfs::tests::descriptor_facing_read_reports_ebadf_before_copy_or_offset_mutation ... ok
talos::initramfs::tests::descriptor_reads_opened_files_and_duplicates_share_offset ... ok
talos::initramfs::tests::fixture_validates_root_and_unique_directory_entries ... ok
talos::initramfs::tests::lookup_reports_contract_error_precedence ... ok
talos::initramfs::tests::lookup_reports_root_directory_and_contract_files ... ok
talos::initramfs::tests::lookup_uses_accepted_path_normalization_from_root_and_cwd ... ok
talos::initramfs::tests::malformed_open_file_description_reports_einval ... ok
talos::initramfs::tests::open_regular_descriptor_attaches_file_description_to_lowest_fd ... ok
talos::initramfs::tests::open_regular_descriptor_rolls_back_file_description_on_descriptor_failure ... ok
talos::initramfs::tests::open_regular_file_rejects_directories_as_eisdir ... ok
talos::initramfs::tests::phase8_fixture_name_is_stable ... ok
talos::initramfs::tests::reads_are_short_only_at_fixture_eof ... ok
talos::initramfs::tests::regular_file_bytes_returns_immutable_init_fixture ... ok
talos::initramfs::tests::regular_file_kernel_reads_copy_bytes_advance_offset_and_report_eof ... ok
talos::initramfs::tests::regular_file_reads_copy_bytes_advance_offset_and_report_eof ... ok
talos::initramfs::tests::zero_length_file_and_zero_length_reads_do_not_mutate_offsets ... ok
talos::kernel_half_descriptor_image::tests::constructs_non_installed_descriptor_image_with_copied_lineage ... ok
talos::kernel_half_descriptor_image::tests::records_required_coverage_permissions_attributes_and_blockers ... ok
talos::kernel_half_descriptor_image::tests::records_ttbr1_image_intent_without_live_side_effects ... ok
talos::kernel_half_descriptor_image::tests::rejects_blocked_requests_without_partial_image ... ok
talos::kernel_half_descriptor_image::tests::rolls_back_lease_shortage_without_partial_image ... ok
talos::kernel_half_descriptor_image::tests::teardown_releases_model_owned_records_and_is_idempotent ... ok
talos::kernel_half_reachability::tests::builds_preflight_plan_with_copied_input_lineage ... ok
talos::kernel_half_reachability::tests::records_kernel_half_policy_without_live_side_effects ... ok
talos::kernel_half_reachability::tests::rejects_blocked_requests_without_partial_plan ... ok
talos::kernel_half_reachability::tests::rejects_identity_and_lineage_disagreements_before_publication ... ok
talos::kernel_half_reachability::tests::rolls_back_resource_exhaustion_without_partial_plan ... ok
talos::kernel_half_reachability::tests::teardown_releases_only_plan_local_lease_and_is_idempotent ... ok
talos::live_address_space_activation::tests::builds_preflight_plan_with_blocked_live_activation_fields ... ok
talos::live_address_space_activation::tests::records_required_kernel_reachability_without_live_side_effects ... ok
talos::live_address_space_activation::tests::rejects_identity_and_entry_disagreements_before_publication ... ok
talos::live_address_space_activation::tests::rejects_live_register_and_publication_requests_without_partial_activation ... ok
talos::live_address_space_activation::tests::rolls_back_resource_exhaustion_without_partial_activation ... ok
talos::live_address_space_activation::tests::teardown_releases_only_plan_local_lease_and_is_idempotent ... ok
talos::live_descriptor_image_installation::tests::installs_model_binding_with_copied_lineage_and_no_live_state ... ok
talos::live_descriptor_image_installation::tests::preserves_coverage_permissions_and_zero_side_effect_accounting ... ok
talos::live_descriptor_image_installation::tests::rejects_deterministic_cases_without_partial_installation ... ok
talos::live_descriptor_image_installation::tests::rejects_missing_destroyed_and_resource_exhaustion_without_leaks ... ok
talos::live_descriptor_image_installation::tests::teardown_clears_only_installation_record_and_is_idempotent ... ok
talos::live_translation_register_activation::tests::commits_model_activation_intent_with_copied_lineage_and_no_live_state ... ok
talos::live_translation_register_activation::tests::records_input_provenance_reachability_and_zero_side_effects ... ok
talos::live_translation_register_activation::tests::rejects_deterministic_cases_without_partial_activation ... ok
talos::live_translation_register_activation::tests::rejects_missing_destroyed_and_resource_exhaustion_without_leaks ... ok
talos::live_translation_register_activation::tests::teardown_clears_only_activation_record_and_is_idempotent ... ok
talos::local_command_loop::tests::local_command_loop_accepts_explicit_fd1_stdout_regular_file_aliases ... ok
talos::local_command_loop::tests::local_command_loop_append_creates_missing_stderr_volatile_regular_file ... ok
talos::local_command_loop::tests::local_command_loop_append_creates_missing_stdout_volatile_regular_file ... ok
talos::local_command_loop::tests::local_command_loop_appends_child_stderr_to_existing_volatile_regular_file ... ok
talos::local_command_loop::tests::local_command_loop_appends_child_stdout_to_existing_volatile_regular_file ... ok
talos::local_command_loop::tests::local_command_loop_applies_backspace_and_delete_before_dispatch ... ok
talos::local_command_loop::tests::local_command_loop_bounded_wait_consumes_delayed_userspace_stdin ... ok
talos::local_command_loop::tests::local_command_loop_cancels_partial_line_on_ctrl_c_before_next_dispatch ... ok
talos::local_command_loop::tests::local_command_loop_cats_banner_through_reusable_vfs_syscall_descriptor ... ok
talos::local_command_loop::tests::local_command_loop_cats_generated_manifest_through_vfs_syscall_descriptor ... ok
talos::local_command_loop::tests::local_command_loop_closes_child_stderr_only_for_one_exec ... ok
talos::local_command_loop::tests::local_command_loop_closes_child_stdout_only_for_one_exec ... ok
talos::local_command_loop::tests::local_command_loop_combines_readonly_stdin_and_volatile_stdout_redirection ... ok
talos::local_command_loop::tests::local_command_loop_dispatches_bare_ls_against_current_directory ... ok
talos::local_command_loop::tests::local_command_loop_dispatches_bounded_cat_banner ... ok
talos::local_command_loop::tests::local_command_loop_dispatches_bounded_literal_echo_tail ... ok
talos::local_command_loop::tests::local_command_loop_dispatches_bounded_ls_bin ... ok
talos::local_command_loop::tests::local_command_loop_dispatches_bounded_ls_root ... ok
talos::local_command_loop::tests::local_command_loop_dispatches_cat_banner_against_current_directory ... ok
talos::local_command_loop::tests::local_command_loop_dispatches_kernel_backed_echo_argument ... ok
talos::local_command_loop::tests::local_command_loop_dispatches_kernel_backed_help ... ok
talos::local_command_loop::tests::local_command_loop_dispatches_root_only_pwd ... ok
talos::local_command_loop::tests::local_command_loop_execs_absolute_vfs_program_with_literal_argv ... ok
talos::local_command_loop::tests::local_command_loop_execs_generated_root_executable_with_literal_argv ... ok
talos::local_command_loop::tests::local_command_loop_execs_init_through_vfs_launch_boundary ... ok
talos::local_command_loop::tests::local_command_loop_execs_minimal_stdout_to_stdin_pipeline ... ok
talos::local_command_loop::tests::local_command_loop_execs_non_init_absolute_vfs_program ... ok
talos::local_command_loop::tests::local_command_loop_execs_nonzero_status_vfs_program ... ok
talos::local_command_loop::tests::local_command_loop_execs_shell_visible_pingdiag_through_vfs_diagnostic_layers ... ok
talos::local_command_loop::tests::local_command_loop_execs_shell_visible_sockdiag_through_vfs_socket_syscalls ... ok
talos::local_command_loop::tests::local_command_loop_execs_userspace_stderr_fixture_through_fd2 ... ok
talos::local_command_loop::tests::local_command_loop_execs_userspace_stdin_fixture_through_fd0 ... ok
talos::local_command_loop::tests::local_command_loop_execs_userspace_stdout_fixture_through_fd1 ... ok
talos::local_command_loop::tests::local_command_loop_handles_empty_and_unknown_input_visibly ... ok
talos::local_command_loop::tests::local_command_loop_jobs_reports_background_accounting_record ... ok
talos::local_command_loop::tests::local_command_loop_keeps_stderr_out_of_stdout_pipeline ... ok
talos::local_command_loop::tests::local_command_loop_kills_partial_line_on_ctrl_u_before_dispatch ... ok
talos::local_command_loop::tests::local_command_loop_observes_last_process_status_from_lifecycle_record ... ok
talos::local_command_loop::tests::local_command_loop_pipes_child_stderr_after_dup_to_stdout ... ok
talos::local_command_loop::tests::local_command_loop_records_multiple_background_vfs_exec_jobs ... ok
talos::local_command_loop::tests::local_command_loop_redirects_child_stderr_to_dev_null_only_for_one_exec ... ok
talos::local_command_loop::tests::local_command_loop_redirects_child_stderr_to_inherited_stdout_fd ... ok
talos::local_command_loop::tests::local_command_loop_redirects_child_stderr_to_volatile_regular_file ... ok
talos::local_command_loop::tests::local_command_loop_redirects_child_stdin_from_dev_null_only_for_one_exec ... ok
talos::local_command_loop::tests::local_command_loop_redirects_child_stdin_from_readonly_regular_file_only_for_one_exec ... ok
talos::local_command_loop::tests::local_command_loop_redirects_child_stdout_to_dev_null_only_for_one_exec ... ok
talos::local_command_loop::tests::local_command_loop_redirects_child_stdout_to_inherited_stderr_fd ... ok
talos::local_command_loop::tests::local_command_loop_redirects_child_stdout_to_volatile_regular_file ... ok
talos::local_command_loop::tests::local_command_loop_redirects_pipeline_consumer_stdout_to_volatile_file ... ok
talos::local_command_loop::tests::local_command_loop_redirects_pipeline_producer_stdout_to_volatile_file ... ok
talos::local_command_loop::tests::local_command_loop_redirects_pipeline_stdout_away_to_stderr ... ok
talos::local_command_loop::tests::local_command_loop_redirects_stderr_to_arbitrary_tmp_basenames ... ok
talos::local_command_loop::tests::local_command_loop_redirects_stdout_to_arbitrary_tmp_basenames ... ok
talos::local_command_loop::tests::local_command_loop_rejects_arguments_for_non_echo_builtins ... ok
talos::local_command_loop::tests::local_command_loop_rejects_missing_and_non_executable_exec_targets ... ok
talos::local_command_loop::tests::local_command_loop_rejects_truncated_control_history ... ok
talos::local_command_loop::tests::local_command_loop_rejects_unsupported_explicit_file_output_aliases ... ok
talos::local_command_loop::tests::local_command_loop_rejects_unsupported_literal_exec_grammar ... ok
talos::local_command_loop::tests::local_command_loop_rejects_unsupported_pipeline_forms ... ok
talos::local_command_loop::tests::local_command_loop_rejects_unsupported_redirection_forms ... ok
talos::local_command_loop::tests::local_command_loop_reports_descriptor_backed_stdio ... ok
talos::local_command_loop::tests::local_command_loop_reports_generated_root_source_reason_in_tail_stable_position ... ok
talos::local_command_loop::tests::local_command_loop_reports_input_and_response_failures ... ok
talos::local_command_loop::tests::local_command_loop_reports_userspace_stdin_ctrl_d_terminal_eof ... ok
talos::local_command_loop::tests::local_command_loop_reports_userspace_stdin_no_data_through_fd0 ... ok
talos::local_command_loop::tests::local_command_loop_resolves_bare_exec_name_through_fixed_bin_lookup ... ok
talos::local_command_loop::tests::local_command_loop_tracks_bounded_current_directory ... ok
talos::local_command_loop::tests::local_command_loop_waitpid_consumes_vfs_exec_lifecycle_record ... ok
talos::local_command_loop::tests::local_command_status_names_are_stable_for_transcripts ... ok
talos::memory_map::layout::tests::conservative_candidate_excludes_page_rounded_firmware_initrd_range ... ok
talos::memory_map::layout::tests::conservative_candidate_fails_when_firmware_initrd_exhausts_low_tail ... ok
talos::memory_map::layout::tests::conservative_candidate_ignores_zero_sized_reserved_memory_ranges ... ok
talos::memory_map::layout::tests::conservative_candidate_respects_reported_reservation_tail ... ok
talos::memory_map::layout::tests::conservative_candidate_respects_reported_reserved_memory_ranges ... ok
talos::memory_map::layout::tests::conservative_candidate_uses_tail_after_kernel_and_dtb ... ok
talos::memory_map::page_frames::tests::bootstrap_allocator_plan_rejects_unaligned_empty_or_unmapped_spans ... ok
talos::memory_map::page_frames::tests::bootstrap_allocator_plan_uses_remaining_low_tail_frames ... ok
talos::memory_map::page_frames::tests::bootstrap_page_reservation_carves_from_seed_start ... ok
talos::memory_map::page_frames::tests::bootstrap_page_reservation_rejects_empty_or_consumed_seed ... ok
talos::memory_map::page_frames::tests::heap_expansion_policy_rejects_non_allocator_owned_source ... ok
talos::memory_map::page_frames::tests::heap_expansion_policy_uses_allocator_owned_low_tail_and_protects_reserved_frames ... ok
talos::memory_map::page_frames::tests::page_frame_ownership_contract_excludes_kernel_dtb_reservations_stack_and_tables ... ok
talos::memory_map::page_frames::tests::page_frame_ownership_contract_names_current_low_tail_partitions ... ok
talos::memory_map::page_frames::tests::page_frame_ownership_contract_rejects_mismatched_allocator_span ... ok
talos::memory_map::page_frames::tests::page_frame_reuse_allocator_allocates_frees_and_reuses_frame ... ok
talos::memory_map::page_frames::tests::page_frame_reuse_allocator_rejects_bad_metadata_contracts ... ok
talos::memory_map::page_frames::tests::page_frame_reuse_allocator_rejects_double_free_and_out_of_range_frame ... ok
talos::memory_map::page_frames::tests::page_frame_reuse_allocator_requires_metadata_outside_managed_frames ... ok
talos::memory_map::page_frames::tests::page_frame_seed_rejects_sub_page_usable_span ... ok
talos::memory_map::page_frames::tests::page_frame_seed_uses_page_aligned_usable_span ... ok
talos::memory_map::translation::tests::data_cache_enable_plan_requires_el2_active_mmu_and_icache ... ok
talos::memory_map::translation::tests::instruction_cache_enable_plan_requires_el2_and_active_mmu ... ok
talos::memory_map::translation::tests::populate_translation_tables_writes_expected_entries_and_counts ... ok
talos::memory_map::translation::tests::translation_register_plan_rejects_non_el2_or_bad_layout ... ok
talos::memory_map::translation::tests::translation_register_plan_reports_el2_no_enable_values ... ok
talos::memory_map::translation::tests::translation_table_descriptors_encode_table_normal_and_device_entries ... ok
talos::memory_map::translation::tests::translation_table_layout_rejects_too_small_reservation ... ok
talos::memory_map::translation::tests::translation_table_layout_uses_first_bootstrap_pages ... ok
talos::memory_map::translation::tests::translation_table_population_plan_reports_minimal_descriptor_shape ... ok
talos::network::tests::arp_cache_inserts_updates_misses_and_replaces_oldest_slots ... ok
talos::network::tests::arp_cache_learns_sender_from_valid_arp_requests_and_replies ... ok
talos::network::tests::arp_cache_rejects_malformed_or_unsupported_learning_without_state_change ... ok
talos::network::tests::arp_cache_zero_capacity_reports_no_capacity_without_state ... ok
talos::network::tests::arp_parser_accepts_ethernet_ipv4_request ... ok
talos::network::tests::arp_parser_rejects_truncated_and_mismatched_shapes ... ok
talos::network::tests::cache_aware_dispatch_learns_arp_reply_without_generating_a_reply ... ok
talos::network::tests::cache_aware_dispatch_learns_arp_request_and_preserves_reply_generation ... ok
talos::network::tests::cache_aware_dispatch_preserves_icmp_echo_without_arp_learning ... ok
talos::network::tests::cache_aware_dispatch_rejects_bad_arp_without_cache_mutation ... ok
talos::network::tests::cache_aware_poll_learns_arp_reply_without_transmit ... ok
talos::network::tests::cache_aware_poll_no_frame_leaves_cache_unchanged ... ok
talos::network::tests::cache_aware_poll_transmit_error_keeps_learned_sender ... ok
talos::network::tests::cache_aware_poll_transmits_arp_reply_and_learns_sender ... ok
talos::network::tests::dispatch_builds_arp_reply_for_local_ipv4_identity ... ok
talos::network::tests::dispatch_builds_icmp_echo_reply_with_valid_ipv4_and_icmp_checksums ... ok
talos::network::tests::dispatch_rejects_bad_icmp_checksum_unsupported_ethertype_and_small_icmp_output ... ok
talos::network::tests::dispatch_rejects_malformed_ipv4_icmp_protocols_and_fragments ... ok
talos::network::tests::dispatch_rejects_nonlocal_arp_and_small_arp_output_buffer ... ok
talos::network::tests::ethernet_parser_rejects_truncated_headers ... ok
talos::network::tests::ethernet_parser_splits_header_and_payload ... ok
talos::network::tests::integrated_single_ping_arps_unresolved_route_then_records_inflight_after_icmp_transmit ... ok
talos::network::tests::integrated_single_ping_preserves_inflight_on_duplicate_and_nonmatching_replies ... ok
talos::network::tests::integrated_single_ping_preserves_state_on_start_and_pending_error_boundaries ... ok
talos::network::tests::integrated_single_ping_retries_pending_arp_with_caller_owned_budget ... ok
talos::network::tests::integrated_single_ping_starts_resolved_route_and_completes_matching_reply ... ok
talos::network::tests::integrated_single_ping_timeout_and_status_are_caller_driven ... ok
talos::network::tests::ipv4_egress_route_policy_handles_zero_and_host_mask_boundaries ... ok
talos::network::tests::ipv4_egress_route_policy_reports_no_route_without_gateway ... ok
talos::network::tests::ipv4_egress_route_policy_uses_destination_for_same_subnet_next_hop ... ok
talos::network::tests::ipv4_egress_route_policy_uses_gateway_for_off_subnet_destination ... ok
talos::network::tests::ipv4_parser_accepts_header_and_payload ... ok
talos::network::tests::ipv4_parser_accepts_options_when_total_length_matches ... ok
talos::network::tests::ipv4_parser_rejects_malformed_headers ... ok
talos::network::tests::network_device_trait_moves_raw_frames_without_parsing ... ok
talos::network::tests::network_ping_descriptor_lifecycle_completes_unresolved_arp_to_echo_reply ... ok
talos::network::tests::network_ping_descriptor_maps_invalid_closed_capacity_and_busy_edges ... ok
talos::network::tests::network_ping_descriptor_maps_retry_timeout_and_io_errors ... ok
talos::network::tests::network_runtime_device_pump_advances_active_ping_from_arp_to_completed_status ... ok
talos::network::tests::network_runtime_device_pump_preserves_retry_timeout_and_terminal_observation ... ok
talos::network::tests::network_runtime_device_pump_prioritizes_local_reply_over_active_operation ... ok
talos::network::tests::network_runtime_device_pump_reports_local_and_active_transmit_errors ... ok
talos::network::tests::network_runtime_device_pump_reports_no_frame_receive_pressure_and_receive_error ... ok
talos::network::tests::network_runtime_device_pump_reports_nonlocal_no_reply_without_active_operation ... ok
talos::network::tests::network_runtime_device_pump_transmits_local_arp_reply_from_caller_buffers ... ok
talos::network::tests::network_runtime_device_pump_transmits_local_icmp_echo_reply_from_caller_buffers ... ok
talos::network::tests::outbound_arp_request_builds_complete_broadcast_request_frame ... ok
talos::network::tests::outbound_arp_request_composes_with_unresolved_neighbor_resolution_without_cache_mutation ... ok
talos::network::tests::outbound_arp_request_rejects_too_small_output_without_partial_frame ... ok
talos::network::tests::outbound_frame_construction_composes_with_cached_neighbor_resolution ... ok
talos::network::tests::outbound_frame_construction_rejects_too_small_output_without_partial_frame ... ok
talos::network::tests::outbound_frame_construction_rejects_unresolved_neighbor_without_side_effects ... ok
talos::network::tests::outbound_frame_construction_writes_resolved_neighbor_frame ... ok
talos::network::tests::outbound_ipv4_icmp_echo_request_builds_complete_resolved_neighbor_frame ... ok
talos::network::tests::outbound_ipv4_icmp_echo_request_composes_with_cached_resolution ... ok
talos::network::tests::outbound_ipv4_icmp_echo_request_rejects_payloads_too_large_for_ipv4 ... ok
talos::network::tests::outbound_ipv4_icmp_echo_request_rejects_small_output_without_partial_frame ... ok
talos::network::tests::outbound_ipv4_icmp_echo_request_rejects_unresolved_neighbor_without_side_effects ... ok
talos::network::tests::outbound_neighbor_resolution_returns_cached_mac_for_known_destination ... ok
talos::network::tests::outbound_neighbor_resolution_returns_destination_on_miss ... ok
talos::network::tests::outbound_neighbor_resolution_uses_updated_cache_entries ... ok
talos::network::tests::outbound_neighbor_resolution_zero_capacity_cache_is_deterministic_miss ... ok
talos::network::tests::outbound_one_shot_does_not_transmit_when_request_building_fails ... ok
talos::network::tests::outbound_one_shot_reports_transmit_error_after_successful_build ... ok
talos::network::tests::outbound_one_shot_transmits_arp_request_once_for_unresolved_neighbor ... ok
talos::network::tests::outbound_one_shot_transmits_icmp_request_once_for_resolved_neighbor ... ok
talos::network::tests::outbound_request_selection_builds_arp_for_unresolved_neighbor_without_cache_mutation ... ok
talos::network::tests::outbound_request_selection_builds_icmp_for_resolved_neighbor_without_cache_mutation ... ok
talos::network::tests::outbound_request_selection_rejects_resolved_buffer_pressure_without_partial_frame ... ok
talos::network::tests::outbound_request_selection_rejects_resolved_payloads_too_large_for_ipv4 ... ok
talos::network::tests::outbound_request_selection_rejects_unresolved_buffer_pressure_without_partial_frame ... ok
talos::network::tests::packet_queue_driver_pump_drains_outbound_before_polling_receive_fifo ... ok
talos::network::tests::packet_queue_driver_pump_reports_backpressure_and_device_errors_deterministically ... ok
talos::network::tests::pending_arp_reply_poll_advances_gateway_pending_to_single_icmp_transmit ... ok
talos::network::tests::pending_arp_reply_poll_distinguishes_no_pending_no_frame_and_receive_errors ... ok
talos::network::tests::pending_arp_reply_poll_preserves_pending_on_nonmatch_malformed_pressure_and_transmit_error ... ok
talos::network::tests::poll_step_distinguishes_no_reply_dispatch_and_transmit_errors ... ok
talos::network::tests::poll_step_distinguishes_receive_boundaries ... ok
talos::network::tests::poll_step_transmits_arp_reply_from_caller_owned_buffers ... ok
talos::network::tests::poll_step_transmits_icmp_echo_reply_from_caller_owned_buffers ... ok
talos::network::tests::qemu_substitute_single_ping_transaction_smoke_covers_lifecycle_and_retry_timeout ... ok
talos::network::tests::received_frame_keeps_device_movement_separate_from_protocol_parse ... ok
talos::network::tests::routed_outbound_selection_arps_for_unresolved_gateway_next_hop ... ok
talos::network::tests::routed_outbound_selection_reports_no_route_before_touching_output ... ok
talos::network::tests::routed_outbound_selection_resolves_gateway_mac_without_mutating_cache ... ok
talos::network::tests::routed_outbound_selection_wraps_frame_errors_without_cache_mutation ... ok
talos::network::tests::routed_single_pending_icmp_gateway_route_arps_gateway_and_transmits_to_final_destination ... ok
talos::network::tests::routed_single_pending_icmp_preserves_gateway_pending_on_nonmatching_arp ... ok
talos::network::tests::routed_single_pending_icmp_reports_no_route_without_pending_or_transmit ... ok
talos::network::tests::routed_single_pending_icmp_same_subnet_unresolved_arps_destination ... ok
talos::network::tests::single_inflight_icmp_echo_reply_observation_rejects_nonmatching_reply_fields ... ok
talos::network::tests::single_inflight_icmp_echo_reply_observation_reports_malformed_and_payload_pressure ... ok
talos::network::tests::single_inflight_icmp_echo_reply_poll_distinguishes_empty_and_receive_errors ... ok
talos::network::tests::single_inflight_icmp_echo_reply_poll_matches_and_clears_request ... ok
talos::network::tests::single_pending_arp_retry_reemits_stored_gateway_next_hop_and_decrements_budget ... ok
talos::network::tests::single_pending_arp_retry_reports_budget_exhaustion_without_clearing_pending ... ok
talos::network::tests::single_pending_arp_retry_reports_no_pending_buffer_pressure_and_transmit_error_boundaries ... ok
talos::network::tests::single_pending_icmp_can_advance_from_existing_cache_resolution ... ok
talos::network::tests::single_pending_icmp_matching_arp_reply_transmits_icmp_and_clears_pending ... ok
talos::network::tests::single_pending_icmp_reports_backpressure_without_replacing_pending_request ... ok
talos::network::tests::single_pending_icmp_reports_malformed_arp_and_transmit_errors_without_clearing_pending ... ok
talos::network::tests::single_pending_icmp_reports_no_pending_unresolved_and_nonmatching_arp_boundaries ... ok
talos::network::tests::single_pending_icmp_reports_payload_and_output_pressure_without_state_change ... ok
talos::network::tests::single_pending_icmp_unresolved_neighbor_transmits_arp_and_records_request ... ok
talos::network::tests::single_ping_packet_service_owns_one_transaction_lifecycle ... ok
talos::network::tests::single_ping_packet_service_preserves_state_across_edge_cases ... ok
talos::network::tests::userspace_ping_operation_completes_unresolved_arp_to_echo_reply ... ok
talos::network::tests::userspace_ping_operation_maps_busy_retry_timeout_and_io_errors ... ok
talos::posix::tests::absolute_dot_dot_clamps_above_root ... ok
talos::posix::tests::component_count_limit_maps_to_enametoolong ... ok
talos::posix::tests::component_longer_than_limit_maps_to_enametoolong ... ok
talos::posix::tests::copy_from_user_reads_complete_valid_range ... ok
talos::posix::tests::copy_to_user_writes_complete_valid_range ... ok
talos::posix::tests::copy_user_rejects_backing_storage_gaps_as_efault ... ok
talos::posix::tests::copy_user_rejects_invalid_user_ranges_as_efault ... ok
talos::posix::tests::copy_user_rejects_short_kernel_buffers_as_einval_without_side_effects ... ok
talos::posix::tests::copy_user_rejects_unmapped_no_access_and_permission_mismatch_as_efault ... ok
talos::posix::tests::copy_user_zero_length_succeeds_without_dereferencing_user_start ... ok
talos::posix::tests::default_limits_cover_normal_contract_paths ... ok
talos::posix::tests::descriptor_access_mismatch_maps_to_ebadf ... ok
talos::posix::tests::descriptor_allocate_at_rejects_invalid_or_occupied_target ... ok
talos::posix::tests::descriptor_allocate_uses_lowest_available_slot ... ok
talos::posix::tests::descriptor_dup_preserves_object_reference_and_separate_lifetime ... ok
talos::posix::tests::descriptor_flags_accept_known_bits_and_reject_unknown_bits ... ok
talos::posix::tests::descriptor_full_table_maps_allocate_and_dup_to_emfile ... ok
talos::posix::tests::descriptor_get_close_and_double_close_use_ebadf ... ok
talos::posix::tests::descriptor_object_kind_names_cover_reserved_future_kinds ... ok
talos::posix::tests::descriptor_reserved_operation_errors_are_deterministic ... ok
talos::posix::tests::dot_path_is_relative_current_directory ... ok
talos::posix::tests::embedded_nul_maps_to_einval ... ok
talos::posix::tests::empty_path_maps_to_enoent ... ok
talos::posix::tests::inherited_stdio_populates_process_local_reserved_descriptors ... ok
talos::posix::tests::inherited_stdio_requires_room_for_descriptors_zero_one_and_two ... ok
talos::posix::tests::path_longer_than_limit_maps_to_enametoolong ... ok
talos::posix::tests::posix_error_names_match_baseline_contract ... ok
talos::posix::tests::process_descriptor_close_failures_map_to_ebadf ... ok
talos::posix::tests::process_descriptor_close_reuses_lowest_slot_and_preserves_duplicates ... ok
talos::posix::tests::process_descriptor_close_stderr_follows_table_local_rule ... ok
talos::posix::tests::process_descriptor_close_stdout_blocks_descriptor_write_lookup ... ok
talos::posix::tests::process_descriptor_dup_failures_map_to_ebadf_or_emfile ... ok
talos::posix::tests::process_descriptor_lookup_failures_map_to_ebadf ... ok
talos::posix::tests::process_descriptor_owner_initializes_inherited_stdio_for_owner ... ok
talos::posix::tests::process_descriptor_store_dups_current_owner_descriptors ... ok
talos::posix::tests::process_descriptor_store_preserves_owner_and_table_errors ... ok
talos::posix::tests::process_descriptor_store_resolves_current_owner_table ... ok
talos::posix::tests::relative_current_directory_with_trailing_slash_requires_directory ... ok
talos::posix::tests::relative_dot_dot_cancels_previous_normal_component ... ok
talos::posix::tests::relative_leading_dot_dot_components_are_retained ... ok
talos::posix::tests::repeated_separators_and_dot_components_are_removed ... ok
talos::posix::tests::root_path_has_no_components ... ok
talos::posix::tests::storage_capacity_limit_maps_to_enametoolong ... ok
talos::posix::tests::trailing_slash_requires_directory_for_non_root_path ... ok
talos::posix::tests::user_access_accepts_contiguous_readable_ranges ... ok
talos::posix::tests::user_access_rejects_unmapped_and_guard_gaps_as_efault ... ok
talos::posix::tests::user_access_requires_matching_read_write_and_execute_permissions ... ok
talos::posix::tests::user_mapping_rejects_zero_length_and_null_guard_overlap ... ok
talos::posix::tests::user_range_rejects_null_guard_and_kernel_addresses_for_nonempty_ranges_as_efault ... ok
talos::posix::tests::user_range_rejects_wraparound_and_length_limit_as_efault ... ok
talos::process_address_space::tests::installs_process_address_space_with_preserved_permissions_and_leases ... ok
talos::process_address_space::tests::installs_readonly_data_pages_without_widening_permissions ... ok
talos::process_address_space::tests::rejects_bad_install_plan_before_leasing ... ok
talos::process_address_space::tests::rejects_null_guard_or_kernel_split_without_leasing ... ok
talos::process_address_space::tests::rejects_overlap_and_permission_widening_without_leasing ... ok
talos::process_address_space::tests::rolls_back_root_table_user_frame_mapping_and_copy_zero_failures ... ok
talos::process_address_space::tests::teardown_releases_owned_leases_in_order_and_is_idempotent ... ok
talos::process_install::tests::accepts_loader_readonly_data_segment_without_widening_permissions ... ok
talos::process_install::tests::derives_metadata_only_install_plan_from_fixture ... ok
talos::process_install::tests::rejects_bad_entry_without_partial_install ... ok
talos::process_install::tests::rejects_budget_overflow_without_partial_install ... ok
talos::process_install::tests::rejects_missing_segment_slot_without_partial_install ... ok
talos::process_install::tests::rejects_overlapping_pages_without_partial_install ... ok
talos::process_install::tests::rejects_permission_widening_without_partial_install ... ok
talos::process_install::tests::rejects_source_range_overflow_without_partial_install ... ok
talos::process_page_table_materialization::tests::materializes_descriptor_image_with_preserved_permissions ... ok
talos::process_page_table_materialization::tests::materializes_readonly_data_descriptors_as_el0_read_only_non_executable ... ok
talos::process_page_table_materialization::tests::rejects_activation_request_before_leasing ... ok
talos::process_page_table_materialization::tests::rejects_bad_address_space_or_install_mismatch_before_leasing ... ok
talos::process_page_table_materialization::tests::rejects_unsupported_multiple_l2_topology_without_leasing ... ok
talos::process_page_table_materialization::tests::rolls_back_resource_exhaustion_and_population_failures ... ok
talos::process_page_table_materialization::tests::teardown_clears_descriptors_and_releases_leases_once ... ok
talos::program_loader::tests::phase8_init_fixture_produces_image_plan_only ... ok
talos::program_loader::tests::phase8_init_loader_reports_vfs_source_errors ... ok
talos::program_loader::tests::rejects_bad_entry_outside_executable_text ... ok
talos::program_loader::tests::rejects_bad_magic_before_plan ... ok
talos::program_loader::tests::rejects_dynamic_interpreter_program_header ... ok
talos::program_loader::tests::rejects_file_range_overflow_without_partial_plan ... ok
talos::program_loader::tests::rejects_malformed_program_header_range ... ok
talos::program_loader::tests::rejects_out_of_user_range_segment ... ok
talos::program_loader::tests::rejects_rounded_segment_overlap ... ok
talos::program_loader::tests::rejects_unsupported_type_and_machine ... ok
talos::program_loader::tests::rejects_writable_executable_segment ... ok
talos::rp1_ethernet::tests::rp1_ethernet_bcm54213pe_autoneg_convergence_core_rejects_drift ... ok
talos::rp1_ethernet::tests::rp1_ethernet_bcm54213pe_autoneg_convergence_core_shapes_candidate_and_control ... ok
talos::rp1_ethernet::tests::rp1_ethernet_bcm54213pe_bmcr_autoneg_restart_core_rejects_drift ... ok
talos::rp1_ethernet::tests::rp1_ethernet_bcm54213pe_bmcr_autoneg_restart_core_shapes_candidate_and_control ... ok
talos::rp1_ethernet::tests::rp1_ethernet_bcm54213pe_boot_transport_sentinel_core_is_no_ethernet_no_mdio ... ok
talos::rp1_ethernet::tests::rp1_ethernet_bcm54213pe_boot_transport_sentinel_core_rejects_target_facts ... ok
talos::rp1_ethernet::tests::rp1_ethernet_bcm54213pe_master_mode_autoneg_source_contract_rejects_drift ... ok
talos::rp1_ethernet::tests::rp1_ethernet_bcm54213pe_master_mode_autoneg_source_contract_shapes_candidate_and_control ... ok
talos::rp1_ethernet::tests::rp1_ethernet_bcm54213pe_master_mode_source_contract_rejects_drift ... ok
talos::rp1_ethernet::tests::rp1_ethernet_bcm54213pe_master_mode_source_contract_shapes_candidate_and_control ... ok
talos::rp1_ethernet::tests::rp1_ethernet_bcm54213pe_readonly_preflight_formats_candidate_report ... ok
talos::rp1_ethernet::tests::rp1_ethernet_bcm54213pe_readonly_preflight_formats_paired_control ... ok
talos::rp1_ethernet::tests::rp1_ethernet_bcm54213pe_readonly_preflight_hw_proof_core_shapes_candidate_and_control ... ok
talos::rp1_ethernet::tests::rp1_ethernet_bcm54213pe_readonly_preflight_rejects_shape_and_overclaims ... ok
talos::rp1_ethernet::tests::rp1_ethernet_bcm54213pe_readonly_preflight_v2_core_adds_freshness_markers ... ok
talos::rp1_ethernet::tests::rp1_ethernet_bcm54213pe_readonly_preflight_v2_core_rejects_drift ... ok
talos::rp1_ethernet::tests::rp1_ethernet_bcm54213pe_rgmii_delay_core_rejects_drift ... ok
talos::rp1_ethernet::tests::rp1_ethernet_bcm54213pe_rgmii_delay_core_shapes_candidate_and_control ... ok
talos::rp1_ethernet::tests::rp1_ethernet_bcm54213pe_tx_selected_read_discriminator_core_rejects_drift ... ok
talos::rp1_ethernet::tests::rp1_ethernet_bcm54213pe_tx_selected_read_discriminator_core_shapes_candidate_and_control ... ok
talos::rp1_ethernet::tests::rp1_ethernet_bootinfo_report_serial_visibility_core_rejects_marker_and_claim_drift ... ok
talos::rp1_ethernet::tests::rp1_ethernet_bootinfo_report_serial_visibility_core_shapes_dual_stage_markers ... ok
talos::rp1_ethernet::tests::rp1_ethernet_clk_eth_ctrl_write_restore_formats_candidate_report ... ok
talos::rp1_ethernet::tests::rp1_ethernet_clk_eth_ctrl_write_restore_formats_paired_control ... ok
talos::rp1_ethernet::tests::rp1_ethernet_clk_eth_ctrl_write_restore_rejects_shape_and_overclaims ... ok
talos::rp1_ethernet::tests::rp1_ethernet_clock_reset_guard_formats_candidate_report ... ok
talos::rp1_ethernet::tests::rp1_ethernet_clock_reset_guard_formats_paired_control ... ok
talos::rp1_ethernet::tests::rp1_ethernet_clock_reset_guard_rejects_overclaims ... ok
talos::rp1_ethernet::tests::rp1_ethernet_clock_reset_guard_rejects_shape_bypass ... ok
talos::rp1_ethernet::tests::rp1_ethernet_clock_reset_write_restore_formats_candidate_report ... ok
talos::rp1_ethernet::tests::rp1_ethernet_clock_reset_write_restore_formats_paired_control ... ok
talos::rp1_ethernet::tests::rp1_ethernet_clock_reset_write_restore_rejects_forbidden_claims ... ok
talos::rp1_ethernet::tests::rp1_ethernet_clock_reset_write_restore_rejects_shape_bypass ... ok
talos::rp1_ethernet::tests::rp1_ethernet_gem_mid_decode_discriminator_formats_candidate_shape ... ok
talos::rp1_ethernet::tests::rp1_ethernet_gem_mid_decode_discriminator_formats_no_mmio_no_ethernet_control ... ok
talos::rp1_ethernet::tests::rp1_ethernet_gem_mid_decode_discriminator_rejects_overclaims ... ok
talos::rp1_ethernet::tests::rp1_ethernet_gem_mid_decode_discriminator_rejects_shape_bypass ... ok
talos::rp1_ethernet::tests::rp1_ethernet_gem_mid_report_formats_candidate_contract ... ok
talos::rp1_ethernet::tests::rp1_ethernet_gem_mid_report_formats_no_mmio_control ... ok
talos::rp1_ethernet::tests::rp1_ethernet_gem_mid_report_rejects_overclaims ... ok
talos::rp1_ethernet::tests::rp1_ethernet_gem_mid_report_rejects_shape_and_contract_bypass ... ok
talos::rp1_ethernet::tests::rp1_ethernet_gpio32_event_clear_guard_formats_candidate_report ... ok
talos::rp1_ethernet::tests::rp1_ethernet_gpio32_event_clear_guard_formats_paired_control ... ok
talos::rp1_ethernet::tests::rp1_ethernet_gpio32_event_clear_guard_rejects_shape_and_overclaims ... ok
talos::rp1_ethernet::tests::rp1_ethernet_gpio32_event_state_formats_candidate_report ... ok
talos::rp1_ethernet::tests::rp1_ethernet_gpio32_event_state_formats_control_and_source_unresolved ... ok
talos::rp1_ethernet::tests::rp1_ethernet_gpio32_event_state_rejects_shape_and_overclaims ... ok
talos::rp1_ethernet::tests::rp1_ethernet_gpio32_phy_reset_preflight_formats_candidate_report ... ok
talos::rp1_ethernet::tests::rp1_ethernet_gpio32_phy_reset_preflight_formats_paired_control ... ok
talos::rp1_ethernet::tests::rp1_ethernet_gpio32_phy_reset_preflight_rejects_shape_and_overclaims ... ok
talos::rp1_ethernet::tests::rp1_ethernet_gpio32_phy_reset_write_restore_guard_formats_candidate_report ... ok
talos::rp1_ethernet::tests::rp1_ethernet_gpio32_phy_reset_write_restore_guard_formats_control_and_blocked ... ok
talos::rp1_ethernet::tests::rp1_ethernet_gpio32_phy_reset_write_restore_guard_rejects_shape_and_overclaims ... ok
talos::rp1_ethernet::tests::rp1_ethernet_kernel_entry_serial_beacon_core_is_earliest_no_ethernet_beacon ... ok
talos::rp1_ethernet::tests::rp1_ethernet_kernel_entry_serial_beacon_core_rejects_broader_claims ... ok
talos::rp1_ethernet::tests::rp1_ethernet_mdio_mpe_enable_guard_formats_candidate_report ... ok
talos::rp1_ethernet::tests::rp1_ethernet_mdio_mpe_enable_guard_formats_paired_control ... ok
talos::rp1_ethernet::tests::rp1_ethernet_mdio_mpe_enable_guard_rejects_shape_and_overclaims ... ok
talos::rp1_ethernet::tests::rp1_ethernet_mdio_phy_id_after_mpe_guard_formats_candidate_report ... ok
talos::rp1_ethernet::tests::rp1_ethernet_mdio_phy_id_after_mpe_guard_formats_paired_control ... ok
talos::rp1_ethernet::tests::rp1_ethernet_mdio_phy_id_after_mpe_guard_rejects_shape_and_overclaims ... ok
talos::rp1_ethernet::tests::rp1_ethernet_mdio_phy_id_guard_formats_candidate_report ... ok
talos::rp1_ethernet::tests::rp1_ethernet_mdio_phy_id_guard_formats_paired_control ... ok
talos::rp1_ethernet::tests::rp1_ethernet_mdio_phy_id_guard_rejects_shape_and_overclaims ... ok
talos::rp1_ethernet::tests::rp1_ethernet_mdio_register_vector_guard_formats_candidate_report ... ok
talos::rp1_ethernet::tests::rp1_ethernet_mdio_register_vector_guard_formats_paired_control ... ok
talos::rp1_ethernet::tests::rp1_ethernet_mdio_register_vector_guard_rejects_shape_and_overclaims ... ok
talos::rp1_ethernet::tests::rp1_ethernet_observed_window_discriminator_formats_candidate_shape ... ok
talos::rp1_ethernet::tests::rp1_ethernet_observed_window_discriminator_formats_no_mmio_no_ethernet_control ... ok
talos::rp1_ethernet::tests::rp1_ethernet_observed_window_discriminator_rejects_overclaims ... ok
talos::rp1_ethernet::tests::rp1_ethernet_observed_window_discriminator_rejects_shape_bypass ... ok
talos::rp1_ethernet::tests::rp1_ethernet_phy1_gigabit_preflight_decodes_selected_registers ... ok
talos::rp1_ethernet::tests::rp1_ethernet_phy1_status_decodes_accepted_v4_vector ... ok
talos::rp1_ethernet::tests::rp1_ethernet_prereq_ownership_formats_candidate_report ... ok
talos::rp1_ethernet::tests::rp1_ethernet_prereq_ownership_formats_paired_control ... ok
talos::rp1_ethernet::tests::rp1_ethernet_prereq_ownership_rejects_overclaims ... ok
talos::rp1_ethernet::tests::rp1_ethernet_prereq_ownership_rejects_shape_bypass ... ok
talos::runtime_console::tests::default_console_input_names_unavailable_and_backend_error_outcomes ... ok
talos::runtime_console::tests::default_console_input_reports_byte_and_no_data_outcomes ... ok
talos::runtime_console::tests::default_console_output_uses_named_runtime_console_boundary ... ok
talos::runtime_console::tests::runtime_console_names_the_default_kernel_console ... ok
talos::runtime_console::tests::runtime_console_reports_backend_write_failure ... ok
talos::runtime_console::tests::runtime_console_routes_formatted_kernel_text_to_backend ... ok
talos::runtime_console::tests::runtime_console_routes_static_kernel_text_to_backend ... ok
talos::runtime_console::tests::runtime_console_routes_user_bytes_to_backend ... ok
talos::scheduler::tests::context_frame_bootstrap_records_thread_entry_and_argument ... ok
talos::scheduler::tests::context_frame_layout_matches_aarch64_switch_offsets ... ok
talos::scheduler::tests::cpu_local_preemption_cycle_keeps_pending_request_after_no_runnable_error ... ok
talos::scheduler::tests::cpu_local_preemption_cycle_rejects_mismatched_current_task_before_service ... ok
talos::scheduler::tests::cpu_local_preemption_cycle_rejects_wrong_owner_before_queue_mutation ... ok
talos::scheduler::tests::cpu_local_preemption_cycle_services_owner_local_pending_request ... ok
talos::scheduler::tests::cpu_local_scheduler_service_drains_wakes_dispatches_and_refreshes_metadata ... ok
talos::scheduler::tests::cpu_local_scheduler_service_handles_timer_preemption_before_metadata_refresh ... ok
talos::scheduler::tests::cpu_local_scheduler_service_preserves_explicit_error_boundaries ... ok
talos::scheduler::tests::kernel_stack_records_bounds_without_owning_process_resources ... ok
talos::scheduler::tests::kernel_thread_starts_runnable_without_process_owner ... ok
talos::scheduler::tests::load_balancing_policy_rejects_destination_backpressure_before_publication ... ok
talos::scheduler::tests::load_balancing_policy_rejects_invalid_destination_role_and_cpu_id ... ok
talos::scheduler::tests::load_balancing_policy_rejects_shared_backpressure_and_preserves_single_owner_queue ... ok
talos::scheduler::tests::load_balancing_policy_rejects_stale_plan_without_source_queue_mutation ... ok
talos::scheduler::tests::load_balancing_policy_selects_front_candidate_and_publishes_shared_handoff ... ok
talos::scheduler::tests::logical_cpu_id_preserves_cpu_local_owner_identity ... ok
talos::scheduler::tests::make_runnable_rejects_full_queue_without_mutating_task_or_counters ... ok
talos::scheduler::tests::per_core_preemption_state_records_only_local_timer_requests ... ok
talos::scheduler::tests::per_core_scheduler_keeps_secondary_dispatch_deferred ... ok
talos::scheduler::tests::per_core_scheduler_local_queue_keeps_single_core_invariants ... ok
talos::scheduler::tests::per_core_scheduler_records_boot_cpu_owner_and_current_task ... ok
talos::scheduler::tests::per_core_scheduler_rejects_cross_owner_queue_mutation ... ok
talos::scheduler::tests::preemption_state_defers_service_while_disabled_and_balances_nested_sections ... ok
talos::scheduler::tests::process_owner_is_explicit_future_extension_point ... ok
talos::scheduler::tests::production_scheduler_runtime_records_timer_irq_without_scheduler_mutation ... ok
talos::scheduler::tests::production_scheduler_runtime_rejects_unowned_or_deferred_timer_irq_recording ... ok
talos::scheduler::tests::production_scheduler_runtime_services_pending_preemption_owner_locally ... ok
talos::scheduler::tests::production_secondary_diagnostic_dispatches_only_local_runnable_task ... ok
talos::scheduler::tests::production_secondary_diagnostic_rejects_cross_owner_dispatch ... ok
talos::scheduler::tests::production_secondary_diagnostic_rejects_mismatched_or_nonrunnable_task ... ok
talos::scheduler::tests::remote_wake_queue_coalesces_duplicate_task_requests ... ok
talos::scheduler::tests::remote_wake_queue_rejects_overflow_and_cross_owner_consumption ... ok
talos::scheduler::tests::remote_wake_queue_rejects_self_and_wrong_target_publication ... ok
talos::scheduler::tests::runnable_queue_dequeues_in_fifo_order_and_resets_when_empty ... ok
talos::scheduler::tests::runnable_queue_removes_middle_and_preserves_fifo_order ... ok
talos::scheduler::tests::runnable_queue_removes_wrapped_entry_and_keeps_tail_reusable ... ok
talos::scheduler::tests::runnable_queue_wraps_tail_and_rejects_overflow ... ok
talos::scheduler::tests::scheduler_tracks_state_transition_when_making_task_runnable ... ok
talos::scheduler::tests::secondary_scheduler_service_loop_consumes_remote_wake_without_dispatch ... ok
talos::scheduler::tests::secondary_scheduler_service_loop_dispatches_local_runnable_task ... ok
talos::scheduler::tests::secondary_scheduler_service_loop_handles_timer_preemption_before_dispatch ... ok
talos::scheduler::tests::secondary_scheduler_service_loop_rejects_deferred_secondary_role ... ok
talos::scheduler::tests::secondary_scheduler_service_loop_rejects_wrong_owner_before_consuming_wake ... ok
talos::scheduler::tests::secondary_scheduler_service_loop_reports_no_work_after_metadata_refresh ... ok
talos::scheduler::tests::shared_run_queue_destination_consumes_and_updates_metadata_owner ... ok
talos::scheduler::tests::shared_run_queue_lock_wraps_only_shared_handoff_queue ... ok
talos::scheduler::tests::shared_run_queue_publishes_migration_without_cross_owner_local_enqueue ... ok
talos::scheduler::tests::shared_run_queue_rejects_deferred_destination_and_duplicate_local_enqueue ... ok
talos::scheduler::tests::shared_run_queue_rejects_running_blocked_duplicate_and_full_cases ... ok
talos::scheduler::tests::shared_run_queue_rejects_stale_generation_without_source_queue_mutation ... ok
talos::scheduler::tests::shared_scheduler_metadata_lock_protects_metadata_table_only ... ok
talos::scheduler::tests::shared_scheduler_metadata_refresh_tracks_owner_local_membership ... ok
talos::scheduler::tests::shared_scheduler_metadata_registers_local_task_snapshot ... ok
talos::scheduler::tests::shared_scheduler_metadata_rejects_cross_owner_publication_without_queue_mutation ... ok
talos::scheduler::tests::shared_scheduler_metadata_rejects_duplicate_and_unknown_tasks ... ok
talos::scheduler::tests::shared_scheduler_metadata_rejects_invalid_owner_and_task_id_zero ... ok
talos::scheduler::tests::target_owned_wake_consumption_makes_only_local_blocked_task_runnable ... ok
talos::scheduler::tests::target_owned_wake_consumption_rejects_cross_owner_and_nonlocal_tasks ... ok
talos::scheduler::tests::target_owned_wake_consumption_rejects_duplicate_local_enqueue ... ok
talos::scheduler::tests::task_can_be_marked_running_without_context_switch_implementation ... ok
talos::scheduler::tests::task_id_rejects_zero_and_preserves_scheduler_local_value ... ok
talos::scheduler::tests::timer_preempt_allows_one_slot_queue_by_dequeuing_before_requeue ... ok
talos::scheduler::tests::timer_preempt_requeues_current_without_counting_voluntary_yield ... ok
talos::scheduler::tests::voluntary_yield_allows_one_slot_queue_by_dequeuing_before_requeue ... ok
talos::scheduler::tests::voluntary_yield_rejects_non_running_or_empty_dispatch ... ok
talos::scheduler::tests::voluntary_yield_requeues_current_and_counts_dispatch_switch ... ok
talos::smoke_test_runs ... ok
talos::smp::tests::controlled_workload_records_progress_and_completion ... ok
talos::smp::tests::core_lifecycle_names_match_bringup_contract ... ok
talos::smp::tests::per_core_state_records_identity_stack_and_handoff ... ok
talos::smp::tests::pi5_mpidr_affinity_maps_four_cortex_a76_cores ... ok
talos::smp::tests::republish_identity_refreshes_identity_without_resetting_progress ... ok
talos::smp::tests::stack_layout_gives_each_possible_core_a_distinct_slot ... ok
talos::smp_sync::tests::irqsave_lock_composes_mask_before_guard_and_restores_on_drop ... ok
talos::smp_sync::tests::smp_full_barrier_is_callable_from_tests ... ok
talos::smp_sync::tests::spin_lock_guard_mutates_and_releases_on_drop ... ok
talos::smp_sync::tests::spin_lock_is_non_recursive_by_policy ... ok
talos::smp_sync::tests::spin_lock_starts_unlocked_and_try_lock_sets_state ... ok
talos::syscall::tests::copy_probe_dispatch_reports_fault_for_unmapped_user_range ... ok
talos::syscall::tests::copy_probe_dispatch_uses_explicit_mapping_and_backing_storage ... ok
talos::syscall::tests::copy_probe_number_is_unknown_outside_proof_dispatch ... ok
talos::syscall::tests::descriptor_close_number_requires_context_in_scalar_dispatch ... ok
talos::syscall::tests::descriptor_dup_number_requires_context_in_scalar_dispatch ... ok
talos::syscall::tests::descriptor_open_number_requires_initramfs_context_in_scalar_dispatch ... ok
talos::syscall::tests::descriptor_read_number_requires_context_in_scalar_dispatch ... ok
talos::syscall::tests::descriptor_shaped_ping_control_completes_single_runtime_pump_lifecycle ... ok
talos::syscall::tests::descriptor_shaped_ping_control_maps_caller_receive_buffer_pressure_to_enospc ... ok
talos::syscall::tests::descriptor_shaped_ping_control_maps_descriptor_capacity_retry_timeout_and_io_errors ... ok
talos::syscall::tests::descriptor_write_dispatch_preserves_scalar_syscall_regressions ... ok
talos::syscall::tests::descriptor_write_number_requires_context_in_scalar_dispatch ... ok
talos::syscall::tests::ping_operation_syscall_substitute_completes_unresolved_arp_to_echo_reply ... ok
talos::syscall::tests::ping_operation_syscall_substitute_maps_descriptor_and_device_errors ... ok
talos::syscall::tests::posix_error_vocabulary_encodes_as_negative_errno_x0_values ... ok
talos::syscall::tests::process_local_ping_descriptor_control_completes_lifecycle_through_process_descriptor ... ok
talos::syscall::tests::process_local_ping_descriptor_control_maps_capacity_busy_closed_retry_timeout_and_io_errors ... ok
talos::syscall::tests::process_local_ping_dispatch_completes_lifecycle_through_dispatch_shape ... ok
talos::syscall::tests::process_local_ping_dispatch_maps_descriptor_capacity_and_runtime_errors ... ok
talos::syscall::tests::process_local_ping_user_arguments_complete_lifecycle_and_copy_outputs ... ok
talos::syscall::tests::process_local_ping_user_arguments_reject_malformed_owner_descriptor_capacity_and_buffers ... ok
talos::syscall::tests::runtime_ping_syscall_substitute_completes_unresolved_arp_to_echo_reply_through_runtime_pump ... ok
talos::syscall::tests::runtime_ping_syscall_substitute_keeps_local_responder_working_with_open_descriptor ... ok
talos::syscall::tests::runtime_ping_syscall_substitute_maps_descriptor_capacity_timeout_and_device_errors ... ok
talos::syscall::tests::scalar_argument_view_preserves_x0_through_x5_values ... ok
talos::syscall::tests::socket_number_requires_socket_table_context_in_scalar_dispatch ... ok
talos::syscall::tests::stable_svc_immediate_is_zero_and_diagnostic_marker_is_not_stable ... ok
talos::syscall::tests::syscall_number_zero_dispatches_to_talos_nop_success ... ok
talos::syscall::tests::talos_close_failures_are_deterministic_and_do_not_mutate_on_einval ... ok
talos::syscall::tests::talos_close_preserves_duplicate_descriptor_lifetime ... ok
talos::syscall::tests::talos_close_stderr_uses_the_same_table_local_rule ... ok
talos::syscall::tests::talos_close_stdout_blocks_later_process_descriptor_write ... ok
talos::syscall::tests::talos_dup_duplicate_remains_writable_after_source_close ... ok
talos::syscall::tests::talos_dup_failures_are_deterministic_and_do_not_mutate_on_einval ... ok
talos::syscall::tests::talos_dup_full_table_returns_emfile_without_mutation ... ok
talos::syscall::tests::talos_dup_stderr_and_stdin_follow_table_local_descriptor_rules ... ok
talos::syscall::tests::talos_dup_stdout_returns_lowest_free_descriptor_and_preserves_source ... ok
talos::syscall::tests::talos_open_initramfs_errors_do_not_allocate_descriptors_or_files ... ok
talos::syscall::tests::talos_open_initramfs_then_read_exposes_regular_file_contents ... ok
talos::syscall::tests::talos_read_copy_faults_do_not_consume_fixed_input ... ok
talos::syscall::tests::talos_read_duplicate_of_stdin_shares_fixed_input_cursor ... ok
talos::syscall::tests::talos_read_fd_errors_do_not_copy_or_consume_input ... ok
talos::syscall::tests::talos_read_initramfs_errors_preserve_file_offset_and_user_memory ... ok
talos::syscall::tests::talos_read_reports_enotsup_for_non_stdin_readable_objects_or_missing_source ... ok
talos::syscall::tests::talos_read_reserved_registers_reject_without_mutation ... ok
talos::syscall::tests::talos_read_short_count_and_eof_are_bounded_to_fixed_input ... ok
talos::syscall::tests::talos_read_stdin_copies_fixed_input_and_advances_after_copy ... ok
talos::syscall::tests::talos_read_zero_length_does_not_consume_or_use_destination ... ok
talos::syscall::tests::talos_socket_close_rejects_wrong_owner_socket_backing ... ok
talos::syscall::tests::talos_socket_errors_are_deterministic_and_do_not_allocate_on_failure ... ok
talos::syscall::tests::talos_socket_opens_af_inet_stream_descriptor_and_close_drops_backing ... ok
talos::syscall::tests::talos_write_backend_failure_is_encoded_as_eio_not_success ... ok
talos::syscall::tests::talos_write_rejects_read_only_and_invalid_descriptors_without_output ... ok
talos::syscall::tests::talos_write_rejects_reserved_registers_and_oversize_lengths_as_einval ... ok
talos::syscall::tests::talos_write_rejects_unmapped_user_ranges_without_output ... ok
talos::syscall::tests::talos_write_stderr_uses_the_same_runtime_console_slice ... ok
talos::syscall::tests::talos_write_stdout_copies_user_bytes_before_runtime_console_output ... ok
talos::syscall::tests::talos_write_zero_length_validates_descriptor_without_console_output ... ok
talos::syscall::tests::unknown_syscall_dispatches_to_negative_enosys ... ok
talos::syscall::tests::vfs_path_errors_do_not_collapse_to_enosys ... ok
talos::syscall::tests::vfs_ping_diagnostic_svc_fixture_completes_vfs_backed_user_lifecycle ... ok
talos::syscall::tests::vfs_ping_diagnostic_svc_fixture_maps_contract_error_controls ... ok
talos::syscall::tests::vfs_ping_diagnostic_svc_fixture_maps_packet_queue_controls ... ok
talos::syscall::tests::vfs_ping_diagnostic_svc_fixture_records_packet_queue_lifecycle ... ok
talos::target::qemu_virt::tests::qemu_mpidr_affinity_maps_four_virt_cpus ... ok
talos::target::rpi5::tests::pi5_uart10_address_matches_bcm2712_soc_range ... ok
talos::target::tests::target_services_include_qemu_console ... ok
talos::tty::tests::canonical_lite_applies_backspace_delete_control_truncation_and_newline ... ok
talos::tty::tests::line_discipline_cancels_current_line_on_ctrl_c ... ok
talos::tty::tests::line_discipline_collapses_newline_forms_to_crlf_echo ... ok
talos::tty::tests::line_discipline_handles_tab_printable_and_editing_bytes ... ok
talos::tty::tests::line_discipline_kills_current_line_on_ctrl_u_without_termination ... ok
talos::tty::tests::line_discipline_marks_control_event_truncation ... ok
talos::tty::tests::line_discipline_records_deferred_control_event_names ... ok
talos::tty::tests::line_discipline_reports_buffer_limit_without_implicit_timeout ... ok
talos::tty::tests::polling_rx_diagnostic_reports_bounded_timeout_without_input ... ok
talos::tty::tests::raw_mode_passes_bytes_without_canonical_translation_or_echo ... ok
test result: ok. 668 passed
qemu-shell-sockdiag-open-close-smoke: cargo-test-filter=talos_socket_errors_are_deterministic_and_do_not_allocate_on_failure

running 668 talos no_std tests
talos::allocator::tests::allocation_advances_with_alignment_and_updates_accounting ... ok
talos::allocator::tests::direct_global_allocator_style_smoke_preserves_accounting ... ok
talos::allocator::tests::fallible_allocation_reports_alignment_overflow_separately ... ok
talos::allocator::tests::fallible_allocation_reports_exhaustion_without_advancing ... ok
talos::allocator::tests::init_rejects_inconsistent_allocator_plan_contracts ... ok
talos::allocator::tests::init_state_tracks_allocator_bounds_and_capacity ... ok
talos::allocator::tests::oversized_allocation_returns_null_without_advancing ... ok
talos::allocator::tests::realloc_growth_allocates_new_region_and_preserves_prefix ... ok
talos::allocator::tests::uninitialized_allocation_returns_null ... ok
talos::arch::aarch64::exceptions::tests::diagnostic_marker_does_not_route_as_production_syscall ... ok
talos::arch::aarch64::exceptions::tests::irq_dispatch_stub_counts_and_records_context_without_frame ... ok
talos::arch::aarch64::exceptions::tests::irq_vector_classifier_names_irq_slots ... ok
talos::arch::aarch64::exceptions::tests::lower_aarch64_svc_zero_routes_through_syscall_dispatch ... ok
talos::arch::aarch64::exceptions::tests::unknown_syscall_routes_to_negative_enosys ... ok
talos::arch::aarch64::generic_timer::tests::first_smoke_delta_has_small_frequency_floor ... ok
talos::arch::aarch64::generic_timer::tests::monotonic_tick_counter_resets ... ok
talos::arch::aarch64::generic_timer::tests::periodic_tick_delta_can_be_configured ... ok
talos::arch::aarch64::generic_timer::tests::periodic_tick_policy_uses_centisecond_floor ... ok
talos::arch::aarch64::gicv2::tests::sgi_all_except_self_value_encodes_filter_and_intid ... ok
talos::arch::aarch64::gicv2::tests::sgi_target_list_value_encodes_intid_and_targets ... ok
talos::arch::aarch64::gicv2::tests::spurious_intid_matches_gicv2_architecture ... ok
talos::arch::aarch64::tests::irq_mask_state_records_masked_snapshot ... ok
talos::arch::aarch64::tests::irq_mask_state_records_unmasked_snapshot ... ok
talos::arch::aarch64::tests::mpidr_affinity_masks_non_affinity_bits ... ok
talos::arch::aarch64::tests::nested_irq_mask_restore_preserves_outer_masked_state ... ok
talos::device_tree::chosen::tests::device_tree_reads_chosen_bootargs ... ok
talos::device_tree::chosen::tests::device_tree_reads_chosen_initrd_range ... ok
talos::device_tree::memory::tests::device_tree_reads_memory_banks ... ok
talos::device_tree::memory::tests::device_tree_reads_memory_reservations ... ok
talos::device_tree::memory::tests::device_tree_reads_multiple_root_memory_nodes ... ok
talos::device_tree::memory::tests::device_tree_reads_reserved_memory_ranges ... ok
talos::device_tree::memory::tests::memory_cell_decoder_accepts_only_one_or_two_complete_cells ... ok
talos::device_tree::raw::tests::device_tree_reads_fdt_header ... ok
talos::device_tree::raw::tests::raw_fdt_helpers_bound_alignment_blocks_and_strings ... ok
talos::diagnostic_command::tests::dispatcher_lists_bounded_default_commands ... ok
talos::diagnostic_command::tests::dispatcher_propagates_response_sink_failure ... ok
talos::diagnostic_command::tests::dispatcher_reports_deterministic_status_without_posix_state ... ok
talos::diagnostic_command::tests::dispatcher_reports_unknown_parse_and_argument_errors ... ok
talos::diagnostic_command::tests::parser_accepts_completed_tty_line_tokens ... ok
talos::diagnostic_command::tests::parser_rejects_non_command_shell_syntax_and_bounds ... ok
talos::dma_cache::tests::driver_diagnostic_envelope_formats_accepted_executor_evidence ... ok
talos::dma_cache::tests::driver_diagnostic_envelope_rejects_line_coverage_overflow_and_completion_claims ... ok
talos::dma_cache::tests::driver_diagnostic_envelope_rejects_non_accepted_executor_and_missing_prerequisites ... ok
talos::dma_cache::tests::driver_diagnostic_envelope_rejects_unsupported_claims_and_missing_rejected_claims ... ok
talos::dma_cache::tests::maintenance_executor_accepts_invalidate_and_clean_invalidate_dispatch_vocabularies ... ok
talos::dma_cache::tests::maintenance_executor_dispatches_clean_sequence_and_formats_evidence ... ok
talos::dma_cache::tests::maintenance_executor_rejects_contract_classification_and_identity_bypass ... ok
talos::dma_cache::tests::maintenance_executor_rejects_line_coverage_overflow_and_range_mismatch ... ok
talos::dma_cache::tests::maintenance_executor_rejects_unsupported_operation_instruction_and_barrier ... ok
talos::dma_cache::tests::maintenance_sequence_derives_clean_instruction_barrier_and_evidence ... ok
talos::dma_cache::tests::maintenance_sequence_derives_invalidate_and_clean_invalidate_instructions ... ok
talos::dma_cache::tests::maintenance_sequence_rejects_non_accepted_sync_plan_and_descriptor_mismatch ... ok
talos::dma_cache::tests::maintenance_sequence_rejects_zero_mismatch_overflow_and_runtime_claims ... ok
talos::dma_cache::tests::small_diagnostic_plan_formats_accepted_envelope_and_rp1_dma_source_facts ... ok
talos::dma_cache::tests::small_diagnostic_plan_rejects_completion_and_driver_readiness_claims ... ok
talos::dma_cache::tests::small_diagnostic_plan_rejects_controller_source_and_policy_claims ... ok
talos::dma_cache::tests::small_diagnostic_plan_rejects_non_accepted_envelope_and_missing_prerequisites ... ok
talos::dma_cache::tests::small_diagnostic_visibility_report_formats_candidate_plan_evidence ... ok
talos::dma_cache::tests::small_diagnostic_visibility_report_formats_no_plan_control ... ok
talos::dma_cache::tests::small_diagnostic_visibility_report_rejects_overclaims ... ok
talos::dma_cache::tests::small_diagnostic_visibility_report_rejects_shape_and_plan_bypass ... ok
talos::dma_cache::tests::sync_plan_covers_unaligned_cpu_visible_range_with_cache_lines ... ok
talos::dma_cache::tests::sync_plan_derives_bidirectional_shared_clean_invalidate ... ok
talos::dma_cache::tests::sync_plan_derives_from_device_after_ownership_invalidate ... ok
talos::dma_cache::tests::sync_plan_derives_to_device_before_ownership_clean ... ok
talos::dma_cache::tests::sync_plan_rejects_non_accepted_descriptor_classification_inputs ... ok
talos::dma_cache::tests::sync_plan_rejects_overflow_unsupported_claims_and_boundary_pairs ... ok
talos::dma_cache::tests::translation_helpers_cover_ram_peripheral_range_and_overflow ... ok
talos::dma_cache::tests::valid_rp1_ram_window_descriptor_emits_local_static_evidence ... ok
talos::dma_cache::tests::validator_rejects_forbidden_cacheability_and_iommu_claims ... ok
talos::dma_cache::tests::validator_rejects_forbidden_reserved_and_high_memory_inputs ... ok
talos::dma_cache::tests::validator_rejects_owned_span_escape ... ok
talos::dma_cache::tests::validator_rejects_unaligned_descriptor ... ok
talos::early_format::tests::decimal_formatter_writes_zero_and_multi_digit_values ... ok
talos::early_format::tests::hex_formatter_uses_minimal_digits ... ok
talos::early_format::tests::hex_formatter_writes_full_width_u64_values ... ok
talos::initial_process_launch::tests::prepares_launch_plan_without_runnable_side_effects ... ok
talos::initial_process_launch::tests::rejects_activation_stack_and_scheduler_requests ... ok
talos::initial_process_launch::tests::rejects_bad_identity_before_publication ... ok
talos::initial_process_launch::tests::rejects_destroyed_inputs_without_partial_launch ... ok
talos::initial_process_launch::tests::rejects_entry_mismatch_as_not_executable ... ok
talos::initial_process_launch::tests::rejects_forbidden_entry_range ... ok
talos::initial_process_launch::tests::rejects_runnable_commit_without_partial_launch_or_publication ... ok
talos::initial_user_stack::tests::builds_initial_stack_plan_with_fixed_layout_and_accounting ... ok
talos::initial_user_stack::tests::capacity_exhaustion_releases_partial_stack_leases ... ok
talos::initial_user_stack::tests::records_minimal_argv_startup_payload_and_launch_binding_without_live_side_effects ... ok
talos::initial_user_stack::tests::rejects_already_stack_ready_launch_input_without_leasing ... ok
talos::initial_user_stack::tests::rejects_bad_stack_range_and_executable_permissions_without_leasing ... ok
talos::initial_user_stack::tests::rejects_image_overlap_without_leasing ... ok
talos::initial_user_stack::tests::rejects_live_launch_requests_without_partial_launch_or_publication ... ok
talos::initial_user_stack::tests::teardown_releases_only_stack_owned_leases_and_is_idempotent ... ok
talos::initramfs::tests::copy_faults_and_invalid_scratch_do_not_mutate_offsets_or_user_bytes ... ok
talos::initramfs::tests::descriptor_facing_read_rejects_directory_and_unsupported_objects ... ok
talos::initramfs::tests::descriptor_facing_read_reports_ebadf_before_copy_or_offset_mutation ... ok
talos::initramfs::tests::descriptor_reads_opened_files_and_duplicates_share_offset ... ok
talos::initramfs::tests::fixture_validates_root_and_unique_directory_entries ... ok
talos::initramfs::tests::lookup_reports_contract_error_precedence ... ok
talos::initramfs::tests::lookup_reports_root_directory_and_contract_files ... ok
talos::initramfs::tests::lookup_uses_accepted_path_normalization_from_root_and_cwd ... ok
talos::initramfs::tests::malformed_open_file_description_reports_einval ... ok
talos::initramfs::tests::open_regular_descriptor_attaches_file_description_to_lowest_fd ... ok
talos::initramfs::tests::open_regular_descriptor_rolls_back_file_description_on_descriptor_failure ... ok
talos::initramfs::tests::open_regular_file_rejects_directories_as_eisdir ... ok
talos::initramfs::tests::phase8_fixture_name_is_stable ... ok
talos::initramfs::tests::reads_are_short_only_at_fixture_eof ... ok
talos::initramfs::tests::regular_file_bytes_returns_immutable_init_fixture ... ok
talos::initramfs::tests::regular_file_kernel_reads_copy_bytes_advance_offset_and_report_eof ... ok
talos::initramfs::tests::regular_file_reads_copy_bytes_advance_offset_and_report_eof ... ok
talos::initramfs::tests::zero_length_file_and_zero_length_reads_do_not_mutate_offsets ... ok
talos::kernel_half_descriptor_image::tests::constructs_non_installed_descriptor_image_with_copied_lineage ... ok
talos::kernel_half_descriptor_image::tests::records_required_coverage_permissions_attributes_and_blockers ... ok
talos::kernel_half_descriptor_image::tests::records_ttbr1_image_intent_without_live_side_effects ... ok
talos::kernel_half_descriptor_image::tests::rejects_blocked_requests_without_partial_image ... ok
talos::kernel_half_descriptor_image::tests::rolls_back_lease_shortage_without_partial_image ... ok
talos::kernel_half_descriptor_image::tests::teardown_releases_model_owned_records_and_is_idempotent ... ok
talos::kernel_half_reachability::tests::builds_preflight_plan_with_copied_input_lineage ... ok
talos::kernel_half_reachability::tests::records_kernel_half_policy_without_live_side_effects ... ok
talos::kernel_half_reachability::tests::rejects_blocked_requests_without_partial_plan ... ok
talos::kernel_half_reachability::tests::rejects_identity_and_lineage_disagreements_before_publication ... ok
talos::kernel_half_reachability::tests::rolls_back_resource_exhaustion_without_partial_plan ... ok
talos::kernel_half_reachability::tests::teardown_releases_only_plan_local_lease_and_is_idempotent ... ok
talos::live_address_space_activation::tests::builds_preflight_plan_with_blocked_live_activation_fields ... ok
talos::live_address_space_activation::tests::records_required_kernel_reachability_without_live_side_effects ... ok
talos::live_address_space_activation::tests::rejects_identity_and_entry_disagreements_before_publication ... ok
talos::live_address_space_activation::tests::rejects_live_register_and_publication_requests_without_partial_activation ... ok
talos::live_address_space_activation::tests::rolls_back_resource_exhaustion_without_partial_activation ... ok
talos::live_address_space_activation::tests::teardown_releases_only_plan_local_lease_and_is_idempotent ... ok
talos::live_descriptor_image_installation::tests::installs_model_binding_with_copied_lineage_and_no_live_state ... ok
talos::live_descriptor_image_installation::tests::preserves_coverage_permissions_and_zero_side_effect_accounting ... ok
talos::live_descriptor_image_installation::tests::rejects_deterministic_cases_without_partial_installation ... ok
talos::live_descriptor_image_installation::tests::rejects_missing_destroyed_and_resource_exhaustion_without_leaks ... ok
talos::live_descriptor_image_installation::tests::teardown_clears_only_installation_record_and_is_idempotent ... ok
talos::live_translation_register_activation::tests::commits_model_activation_intent_with_copied_lineage_and_no_live_state ... ok
talos::live_translation_register_activation::tests::records_input_provenance_reachability_and_zero_side_effects ... ok
talos::live_translation_register_activation::tests::rejects_deterministic_cases_without_partial_activation ... ok
talos::live_translation_register_activation::tests::rejects_missing_destroyed_and_resource_exhaustion_without_leaks ... ok
talos::live_translation_register_activation::tests::teardown_clears_only_activation_record_and_is_idempotent ... ok
talos::local_command_loop::tests::local_command_loop_accepts_explicit_fd1_stdout_regular_file_aliases ... ok
talos::local_command_loop::tests::local_command_loop_append_creates_missing_stderr_volatile_regular_file ... ok
talos::local_command_loop::tests::local_command_loop_append_creates_missing_stdout_volatile_regular_file ... ok
talos::local_command_loop::tests::local_command_loop_appends_child_stderr_to_existing_volatile_regular_file ... ok
talos::local_command_loop::tests::local_command_loop_appends_child_stdout_to_existing_volatile_regular_file ... ok
talos::local_command_loop::tests::local_command_loop_applies_backspace_and_delete_before_dispatch ... ok
talos::local_command_loop::tests::local_command_loop_bounded_wait_consumes_delayed_userspace_stdin ... ok
talos::local_command_loop::tests::local_command_loop_cancels_partial_line_on_ctrl_c_before_next_dispatch ... ok
talos::local_command_loop::tests::local_command_loop_cats_banner_through_reusable_vfs_syscall_descriptor ... ok
talos::local_command_loop::tests::local_command_loop_cats_generated_manifest_through_vfs_syscall_descriptor ... ok
talos::local_command_loop::tests::local_command_loop_closes_child_stderr_only_for_one_exec ... ok
talos::local_command_loop::tests::local_command_loop_closes_child_stdout_only_for_one_exec ... ok
talos::local_command_loop::tests::local_command_loop_combines_readonly_stdin_and_volatile_stdout_redirection ... ok
talos::local_command_loop::tests::local_command_loop_dispatches_bare_ls_against_current_directory ... ok
talos::local_command_loop::tests::local_command_loop_dispatches_bounded_cat_banner ... ok
talos::local_command_loop::tests::local_command_loop_dispatches_bounded_literal_echo_tail ... ok
talos::local_command_loop::tests::local_command_loop_dispatches_bounded_ls_bin ... ok
talos::local_command_loop::tests::local_command_loop_dispatches_bounded_ls_root ... ok
talos::local_command_loop::tests::local_command_loop_dispatches_cat_banner_against_current_directory ... ok
talos::local_command_loop::tests::local_command_loop_dispatches_kernel_backed_echo_argument ... ok
talos::local_command_loop::tests::local_command_loop_dispatches_kernel_backed_help ... ok
talos::local_command_loop::tests::local_command_loop_dispatches_root_only_pwd ... ok
talos::local_command_loop::tests::local_command_loop_execs_absolute_vfs_program_with_literal_argv ... ok
talos::local_command_loop::tests::local_command_loop_execs_generated_root_executable_with_literal_argv ... ok
talos::local_command_loop::tests::local_command_loop_execs_init_through_vfs_launch_boundary ... ok
talos::local_command_loop::tests::local_command_loop_execs_minimal_stdout_to_stdin_pipeline ... ok
talos::local_command_loop::tests::local_command_loop_execs_non_init_absolute_vfs_program ... ok
talos::local_command_loop::tests::local_command_loop_execs_nonzero_status_vfs_program ... ok
talos::local_command_loop::tests::local_command_loop_execs_shell_visible_pingdiag_through_vfs_diagnostic_layers ... ok
talos::local_command_loop::tests::local_command_loop_execs_shell_visible_sockdiag_through_vfs_socket_syscalls ... ok
talos::local_command_loop::tests::local_command_loop_execs_userspace_stderr_fixture_through_fd2 ... ok
talos::local_command_loop::tests::local_command_loop_execs_userspace_stdin_fixture_through_fd0 ... ok
talos::local_command_loop::tests::local_command_loop_execs_userspace_stdout_fixture_through_fd1 ... ok
talos::local_command_loop::tests::local_command_loop_handles_empty_and_unknown_input_visibly ... ok
talos::local_command_loop::tests::local_command_loop_jobs_reports_background_accounting_record ... ok
talos::local_command_loop::tests::local_command_loop_keeps_stderr_out_of_stdout_pipeline ... ok
talos::local_command_loop::tests::local_command_loop_kills_partial_line_on_ctrl_u_before_dispatch ... ok
talos::local_command_loop::tests::local_command_loop_observes_last_process_status_from_lifecycle_record ... ok
talos::local_command_loop::tests::local_command_loop_pipes_child_stderr_after_dup_to_stdout ... ok
talos::local_command_loop::tests::local_command_loop_records_multiple_background_vfs_exec_jobs ... ok
talos::local_command_loop::tests::local_command_loop_redirects_child_stderr_to_dev_null_only_for_one_exec ... ok
talos::local_command_loop::tests::local_command_loop_redirects_child_stderr_to_inherited_stdout_fd ... ok
talos::local_command_loop::tests::local_command_loop_redirects_child_stderr_to_volatile_regular_file ... ok
talos::local_command_loop::tests::local_command_loop_redirects_child_stdin_from_dev_null_only_for_one_exec ... ok
talos::local_command_loop::tests::local_command_loop_redirects_child_stdin_from_readonly_regular_file_only_for_one_exec ... ok
talos::local_command_loop::tests::local_command_loop_redirects_child_stdout_to_dev_null_only_for_one_exec ... ok
talos::local_command_loop::tests::local_command_loop_redirects_child_stdout_to_inherited_stderr_fd ... ok
talos::local_command_loop::tests::local_command_loop_redirects_child_stdout_to_volatile_regular_file ... ok
talos::local_command_loop::tests::local_command_loop_redirects_pipeline_consumer_stdout_to_volatile_file ... ok
talos::local_command_loop::tests::local_command_loop_redirects_pipeline_producer_stdout_to_volatile_file ... ok
talos::local_command_loop::tests::local_command_loop_redirects_pipeline_stdout_away_to_stderr ... ok
talos::local_command_loop::tests::local_command_loop_redirects_stderr_to_arbitrary_tmp_basenames ... ok
talos::local_command_loop::tests::local_command_loop_redirects_stdout_to_arbitrary_tmp_basenames ... ok
talos::local_command_loop::tests::local_command_loop_rejects_arguments_for_non_echo_builtins ... ok
talos::local_command_loop::tests::local_command_loop_rejects_missing_and_non_executable_exec_targets ... ok
talos::local_command_loop::tests::local_command_loop_rejects_truncated_control_history ... ok
talos::local_command_loop::tests::local_command_loop_rejects_unsupported_explicit_file_output_aliases ... ok
talos::local_command_loop::tests::local_command_loop_rejects_unsupported_literal_exec_grammar ... ok
talos::local_command_loop::tests::local_command_loop_rejects_unsupported_pipeline_forms ... ok
talos::local_command_loop::tests::local_command_loop_rejects_unsupported_redirection_forms ... ok
talos::local_command_loop::tests::local_command_loop_reports_descriptor_backed_stdio ... ok
talos::local_command_loop::tests::local_command_loop_reports_generated_root_source_reason_in_tail_stable_position ... ok
talos::local_command_loop::tests::local_command_loop_reports_input_and_response_failures ... ok
talos::local_command_loop::tests::local_command_loop_reports_userspace_stdin_ctrl_d_terminal_eof ... ok
talos::local_command_loop::tests::local_command_loop_reports_userspace_stdin_no_data_through_fd0 ... ok
talos::local_command_loop::tests::local_command_loop_resolves_bare_exec_name_through_fixed_bin_lookup ... ok
talos::local_command_loop::tests::local_command_loop_tracks_bounded_current_directory ... ok
talos::local_command_loop::tests::local_command_loop_waitpid_consumes_vfs_exec_lifecycle_record ... ok
talos::local_command_loop::tests::local_command_status_names_are_stable_for_transcripts ... ok
talos::memory_map::layout::tests::conservative_candidate_excludes_page_rounded_firmware_initrd_range ... ok
talos::memory_map::layout::tests::conservative_candidate_fails_when_firmware_initrd_exhausts_low_tail ... ok
talos::memory_map::layout::tests::conservative_candidate_ignores_zero_sized_reserved_memory_ranges ... ok
talos::memory_map::layout::tests::conservative_candidate_respects_reported_reservation_tail ... ok
talos::memory_map::layout::tests::conservative_candidate_respects_reported_reserved_memory_ranges ... ok
talos::memory_map::layout::tests::conservative_candidate_uses_tail_after_kernel_and_dtb ... ok
talos::memory_map::page_frames::tests::bootstrap_allocator_plan_rejects_unaligned_empty_or_unmapped_spans ... ok
talos::memory_map::page_frames::tests::bootstrap_allocator_plan_uses_remaining_low_tail_frames ... ok
talos::memory_map::page_frames::tests::bootstrap_page_reservation_carves_from_seed_start ... ok
talos::memory_map::page_frames::tests::bootstrap_page_reservation_rejects_empty_or_consumed_seed ... ok
talos::memory_map::page_frames::tests::heap_expansion_policy_rejects_non_allocator_owned_source ... ok
talos::memory_map::page_frames::tests::heap_expansion_policy_uses_allocator_owned_low_tail_and_protects_reserved_frames ... ok
talos::memory_map::page_frames::tests::page_frame_ownership_contract_excludes_kernel_dtb_reservations_stack_and_tables ... ok
talos::memory_map::page_frames::tests::page_frame_ownership_contract_names_current_low_tail_partitions ... ok
talos::memory_map::page_frames::tests::page_frame_ownership_contract_rejects_mismatched_allocator_span ... ok
talos::memory_map::page_frames::tests::page_frame_reuse_allocator_allocates_frees_and_reuses_frame ... ok
talos::memory_map::page_frames::tests::page_frame_reuse_allocator_rejects_bad_metadata_contracts ... ok
talos::memory_map::page_frames::tests::page_frame_reuse_allocator_rejects_double_free_and_out_of_range_frame ... ok
talos::memory_map::page_frames::tests::page_frame_reuse_allocator_requires_metadata_outside_managed_frames ... ok
talos::memory_map::page_frames::tests::page_frame_seed_rejects_sub_page_usable_span ... ok
talos::memory_map::page_frames::tests::page_frame_seed_uses_page_aligned_usable_span ... ok
talos::memory_map::translation::tests::data_cache_enable_plan_requires_el2_active_mmu_and_icache ... ok
talos::memory_map::translation::tests::instruction_cache_enable_plan_requires_el2_and_active_mmu ... ok
talos::memory_map::translation::tests::populate_translation_tables_writes_expected_entries_and_counts ... ok
talos::memory_map::translation::tests::translation_register_plan_rejects_non_el2_or_bad_layout ... ok
talos::memory_map::translation::tests::translation_register_plan_reports_el2_no_enable_values ... ok
talos::memory_map::translation::tests::translation_table_descriptors_encode_table_normal_and_device_entries ... ok
talos::memory_map::translation::tests::translation_table_layout_rejects_too_small_reservation ... ok
talos::memory_map::translation::tests::translation_table_layout_uses_first_bootstrap_pages ... ok
talos::memory_map::translation::tests::translation_table_population_plan_reports_minimal_descriptor_shape ... ok
talos::network::tests::arp_cache_inserts_updates_misses_and_replaces_oldest_slots ... ok
talos::network::tests::arp_cache_learns_sender_from_valid_arp_requests_and_replies ... ok
talos::network::tests::arp_cache_rejects_malformed_or_unsupported_learning_without_state_change ... ok
talos::network::tests::arp_cache_zero_capacity_reports_no_capacity_without_state ... ok
talos::network::tests::arp_parser_accepts_ethernet_ipv4_request ... ok
talos::network::tests::arp_parser_rejects_truncated_and_mismatched_shapes ... ok
talos::network::tests::cache_aware_dispatch_learns_arp_reply_without_generating_a_reply ... ok
talos::network::tests::cache_aware_dispatch_learns_arp_request_and_preserves_reply_generation ... ok
talos::network::tests::cache_aware_dispatch_preserves_icmp_echo_without_arp_learning ... ok
talos::network::tests::cache_aware_dispatch_rejects_bad_arp_without_cache_mutation ... ok
talos::network::tests::cache_aware_poll_learns_arp_reply_without_transmit ... ok
talos::network::tests::cache_aware_poll_no_frame_leaves_cache_unchanged ... ok
talos::network::tests::cache_aware_poll_transmit_error_keeps_learned_sender ... ok
talos::network::tests::cache_aware_poll_transmits_arp_reply_and_learns_sender ... ok
talos::network::tests::dispatch_builds_arp_reply_for_local_ipv4_identity ... ok
talos::network::tests::dispatch_builds_icmp_echo_reply_with_valid_ipv4_and_icmp_checksums ... ok
talos::network::tests::dispatch_rejects_bad_icmp_checksum_unsupported_ethertype_and_small_icmp_output ... ok
talos::network::tests::dispatch_rejects_malformed_ipv4_icmp_protocols_and_fragments ... ok
talos::network::tests::dispatch_rejects_nonlocal_arp_and_small_arp_output_buffer ... ok
talos::network::tests::ethernet_parser_rejects_truncated_headers ... ok
talos::network::tests::ethernet_parser_splits_header_and_payload ... ok
talos::network::tests::integrated_single_ping_arps_unresolved_route_then_records_inflight_after_icmp_transmit ... ok
talos::network::tests::integrated_single_ping_preserves_inflight_on_duplicate_and_nonmatching_replies ... ok
talos::network::tests::integrated_single_ping_preserves_state_on_start_and_pending_error_boundaries ... ok
talos::network::tests::integrated_single_ping_retries_pending_arp_with_caller_owned_budget ... ok
talos::network::tests::integrated_single_ping_starts_resolved_route_and_completes_matching_reply ... ok
talos::network::tests::integrated_single_ping_timeout_and_status_are_caller_driven ... ok
talos::network::tests::ipv4_egress_route_policy_handles_zero_and_host_mask_boundaries ... ok
talos::network::tests::ipv4_egress_route_policy_reports_no_route_without_gateway ... ok
talos::network::tests::ipv4_egress_route_policy_uses_destination_for_same_subnet_next_hop ... ok
talos::network::tests::ipv4_egress_route_policy_uses_gateway_for_off_subnet_destination ... ok
talos::network::tests::ipv4_parser_accepts_header_and_payload ... ok
talos::network::tests::ipv4_parser_accepts_options_when_total_length_matches ... ok
talos::network::tests::ipv4_parser_rejects_malformed_headers ... ok
talos::network::tests::network_device_trait_moves_raw_frames_without_parsing ... ok
talos::network::tests::network_ping_descriptor_lifecycle_completes_unresolved_arp_to_echo_reply ... ok
talos::network::tests::network_ping_descriptor_maps_invalid_closed_capacity_and_busy_edges ... ok
talos::network::tests::network_ping_descriptor_maps_retry_timeout_and_io_errors ... ok
talos::network::tests::network_runtime_device_pump_advances_active_ping_from_arp_to_completed_status ... ok
talos::network::tests::network_runtime_device_pump_preserves_retry_timeout_and_terminal_observation ... ok
talos::network::tests::network_runtime_device_pump_prioritizes_local_reply_over_active_operation ... ok
talos::network::tests::network_runtime_device_pump_reports_local_and_active_transmit_errors ... ok
talos::network::tests::network_runtime_device_pump_reports_no_frame_receive_pressure_and_receive_error ... ok
talos::network::tests::network_runtime_device_pump_reports_nonlocal_no_reply_without_active_operation ... ok
talos::network::tests::network_runtime_device_pump_transmits_local_arp_reply_from_caller_buffers ... ok
talos::network::tests::network_runtime_device_pump_transmits_local_icmp_echo_reply_from_caller_buffers ... ok
talos::network::tests::outbound_arp_request_builds_complete_broadcast_request_frame ... ok
talos::network::tests::outbound_arp_request_composes_with_unresolved_neighbor_resolution_without_cache_mutation ... ok
talos::network::tests::outbound_arp_request_rejects_too_small_output_without_partial_frame ... ok
talos::network::tests::outbound_frame_construction_composes_with_cached_neighbor_resolution ... ok
talos::network::tests::outbound_frame_construction_rejects_too_small_output_without_partial_frame ... ok
talos::network::tests::outbound_frame_construction_rejects_unresolved_neighbor_without_side_effects ... ok
talos::network::tests::outbound_frame_construction_writes_resolved_neighbor_frame ... ok
talos::network::tests::outbound_ipv4_icmp_echo_request_builds_complete_resolved_neighbor_frame ... ok
talos::network::tests::outbound_ipv4_icmp_echo_request_composes_with_cached_resolution ... ok
talos::network::tests::outbound_ipv4_icmp_echo_request_rejects_payloads_too_large_for_ipv4 ... ok
talos::network::tests::outbound_ipv4_icmp_echo_request_rejects_small_output_without_partial_frame ... ok
talos::network::tests::outbound_ipv4_icmp_echo_request_rejects_unresolved_neighbor_without_side_effects ... ok
talos::network::tests::outbound_neighbor_resolution_returns_cached_mac_for_known_destination ... ok
talos::network::tests::outbound_neighbor_resolution_returns_destination_on_miss ... ok
talos::network::tests::outbound_neighbor_resolution_uses_updated_cache_entries ... ok
talos::network::tests::outbound_neighbor_resolution_zero_capacity_cache_is_deterministic_miss ... ok
talos::network::tests::outbound_one_shot_does_not_transmit_when_request_building_fails ... ok
talos::network::tests::outbound_one_shot_reports_transmit_error_after_successful_build ... ok
talos::network::tests::outbound_one_shot_transmits_arp_request_once_for_unresolved_neighbor ... ok
talos::network::tests::outbound_one_shot_transmits_icmp_request_once_for_resolved_neighbor ... ok
talos::network::tests::outbound_request_selection_builds_arp_for_unresolved_neighbor_without_cache_mutation ... ok
talos::network::tests::outbound_request_selection_builds_icmp_for_resolved_neighbor_without_cache_mutation ... ok
talos::network::tests::outbound_request_selection_rejects_resolved_buffer_pressure_without_partial_frame ... ok
talos::network::tests::outbound_request_selection_rejects_resolved_payloads_too_large_for_ipv4 ... ok
talos::network::tests::outbound_request_selection_rejects_unresolved_buffer_pressure_without_partial_frame ... ok
talos::network::tests::packet_queue_driver_pump_drains_outbound_before_polling_receive_fifo ... ok
talos::network::tests::packet_queue_driver_pump_reports_backpressure_and_device_errors_deterministically ... ok
talos::network::tests::pending_arp_reply_poll_advances_gateway_pending_to_single_icmp_transmit ... ok
talos::network::tests::pending_arp_reply_poll_distinguishes_no_pending_no_frame_and_receive_errors ... ok
talos::network::tests::pending_arp_reply_poll_preserves_pending_on_nonmatch_malformed_pressure_and_transmit_error ... ok
talos::network::tests::poll_step_distinguishes_no_reply_dispatch_and_transmit_errors ... ok
talos::network::tests::poll_step_distinguishes_receive_boundaries ... ok
talos::network::tests::poll_step_transmits_arp_reply_from_caller_owned_buffers ... ok
talos::network::tests::poll_step_transmits_icmp_echo_reply_from_caller_owned_buffers ... ok
talos::network::tests::qemu_substitute_single_ping_transaction_smoke_covers_lifecycle_and_retry_timeout ... ok
talos::network::tests::received_frame_keeps_device_movement_separate_from_protocol_parse ... ok
talos::network::tests::routed_outbound_selection_arps_for_unresolved_gateway_next_hop ... ok
talos::network::tests::routed_outbound_selection_reports_no_route_before_touching_output ... ok
talos::network::tests::routed_outbound_selection_resolves_gateway_mac_without_mutating_cache ... ok
talos::network::tests::routed_outbound_selection_wraps_frame_errors_without_cache_mutation ... ok
talos::network::tests::routed_single_pending_icmp_gateway_route_arps_gateway_and_transmits_to_final_destination ... ok
talos::network::tests::routed_single_pending_icmp_preserves_gateway_pending_on_nonmatching_arp ... ok
talos::network::tests::routed_single_pending_icmp_reports_no_route_without_pending_or_transmit ... ok
talos::network::tests::routed_single_pending_icmp_same_subnet_unresolved_arps_destination ... ok
talos::network::tests::single_inflight_icmp_echo_reply_observation_rejects_nonmatching_reply_fields ... ok
talos::network::tests::single_inflight_icmp_echo_reply_observation_reports_malformed_and_payload_pressure ... ok
talos::network::tests::single_inflight_icmp_echo_reply_poll_distinguishes_empty_and_receive_errors ... ok
talos::network::tests::single_inflight_icmp_echo_reply_poll_matches_and_clears_request ... ok
talos::network::tests::single_pending_arp_retry_reemits_stored_gateway_next_hop_and_decrements_budget ... ok
talos::network::tests::single_pending_arp_retry_reports_budget_exhaustion_without_clearing_pending ... ok
talos::network::tests::single_pending_arp_retry_reports_no_pending_buffer_pressure_and_transmit_error_boundaries ... ok
talos::network::tests::single_pending_icmp_can_advance_from_existing_cache_resolution ... ok
talos::network::tests::single_pending_icmp_matching_arp_reply_transmits_icmp_and_clears_pending ... ok
talos::network::tests::single_pending_icmp_reports_backpressure_without_replacing_pending_request ... ok
talos::network::tests::single_pending_icmp_reports_malformed_arp_and_transmit_errors_without_clearing_pending ... ok
talos::network::tests::single_pending_icmp_reports_no_pending_unresolved_and_nonmatching_arp_boundaries ... ok
talos::network::tests::single_pending_icmp_reports_payload_and_output_pressure_without_state_change ... ok
talos::network::tests::single_pending_icmp_unresolved_neighbor_transmits_arp_and_records_request ... ok
talos::network::tests::single_ping_packet_service_owns_one_transaction_lifecycle ... ok
talos::network::tests::single_ping_packet_service_preserves_state_across_edge_cases ... ok
talos::network::tests::userspace_ping_operation_completes_unresolved_arp_to_echo_reply ... ok
talos::network::tests::userspace_ping_operation_maps_busy_retry_timeout_and_io_errors ... ok
talos::posix::tests::absolute_dot_dot_clamps_above_root ... ok
talos::posix::tests::component_count_limit_maps_to_enametoolong ... ok
talos::posix::tests::component_longer_than_limit_maps_to_enametoolong ... ok
talos::posix::tests::copy_from_user_reads_complete_valid_range ... ok
talos::posix::tests::copy_to_user_writes_complete_valid_range ... ok
talos::posix::tests::copy_user_rejects_backing_storage_gaps_as_efault ... ok
talos::posix::tests::copy_user_rejects_invalid_user_ranges_as_efault ... ok
talos::posix::tests::copy_user_rejects_short_kernel_buffers_as_einval_without_side_effects ... ok
talos::posix::tests::copy_user_rejects_unmapped_no_access_and_permission_mismatch_as_efault ... ok
talos::posix::tests::copy_user_zero_length_succeeds_without_dereferencing_user_start ... ok
talos::posix::tests::default_limits_cover_normal_contract_paths ... ok
talos::posix::tests::descriptor_access_mismatch_maps_to_ebadf ... ok
talos::posix::tests::descriptor_allocate_at_rejects_invalid_or_occupied_target ... ok
talos::posix::tests::descriptor_allocate_uses_lowest_available_slot ... ok
talos::posix::tests::descriptor_dup_preserves_object_reference_and_separate_lifetime ... ok
talos::posix::tests::descriptor_flags_accept_known_bits_and_reject_unknown_bits ... ok
talos::posix::tests::descriptor_full_table_maps_allocate_and_dup_to_emfile ... ok
talos::posix::tests::descriptor_get_close_and_double_close_use_ebadf ... ok
talos::posix::tests::descriptor_object_kind_names_cover_reserved_future_kinds ... ok
talos::posix::tests::descriptor_reserved_operation_errors_are_deterministic ... ok
talos::posix::tests::dot_path_is_relative_current_directory ... ok
talos::posix::tests::embedded_nul_maps_to_einval ... ok
talos::posix::tests::empty_path_maps_to_enoent ... ok
talos::posix::tests::inherited_stdio_populates_process_local_reserved_descriptors ... ok
talos::posix::tests::inherited_stdio_requires_room_for_descriptors_zero_one_and_two ... ok
talos::posix::tests::path_longer_than_limit_maps_to_enametoolong ... ok
talos::posix::tests::posix_error_names_match_baseline_contract ... ok
talos::posix::tests::process_descriptor_close_failures_map_to_ebadf ... ok
talos::posix::tests::process_descriptor_close_reuses_lowest_slot_and_preserves_duplicates ... ok
talos::posix::tests::process_descriptor_close_stderr_follows_table_local_rule ... ok
talos::posix::tests::process_descriptor_close_stdout_blocks_descriptor_write_lookup ... ok
talos::posix::tests::process_descriptor_dup_failures_map_to_ebadf_or_emfile ... ok
talos::posix::tests::process_descriptor_lookup_failures_map_to_ebadf ... ok
talos::posix::tests::process_descriptor_owner_initializes_inherited_stdio_for_owner ... ok
talos::posix::tests::process_descriptor_store_dups_current_owner_descriptors ... ok
talos::posix::tests::process_descriptor_store_preserves_owner_and_table_errors ... ok
talos::posix::tests::process_descriptor_store_resolves_current_owner_table ... ok
talos::posix::tests::relative_current_directory_with_trailing_slash_requires_directory ... ok
talos::posix::tests::relative_dot_dot_cancels_previous_normal_component ... ok
talos::posix::tests::relative_leading_dot_dot_components_are_retained ... ok
talos::posix::tests::repeated_separators_and_dot_components_are_removed ... ok
talos::posix::tests::root_path_has_no_components ... ok
talos::posix::tests::storage_capacity_limit_maps_to_enametoolong ... ok
talos::posix::tests::trailing_slash_requires_directory_for_non_root_path ... ok
talos::posix::tests::user_access_accepts_contiguous_readable_ranges ... ok
talos::posix::tests::user_access_rejects_unmapped_and_guard_gaps_as_efault ... ok
talos::posix::tests::user_access_requires_matching_read_write_and_execute_permissions ... ok
talos::posix::tests::user_mapping_rejects_zero_length_and_null_guard_overlap ... ok
talos::posix::tests::user_range_rejects_null_guard_and_kernel_addresses_for_nonempty_ranges_as_efault ... ok
talos::posix::tests::user_range_rejects_wraparound_and_length_limit_as_efault ... ok
talos::process_address_space::tests::installs_process_address_space_with_preserved_permissions_and_leases ... ok
talos::process_address_space::tests::installs_readonly_data_pages_without_widening_permissions ... ok
talos::process_address_space::tests::rejects_bad_install_plan_before_leasing ... ok
talos::process_address_space::tests::rejects_null_guard_or_kernel_split_without_leasing ... ok
talos::process_address_space::tests::rejects_overlap_and_permission_widening_without_leasing ... ok
talos::process_address_space::tests::rolls_back_root_table_user_frame_mapping_and_copy_zero_failures ... ok
talos::process_address_space::tests::teardown_releases_owned_leases_in_order_and_is_idempotent ... ok
talos::process_install::tests::accepts_loader_readonly_data_segment_without_widening_permissions ... ok
talos::process_install::tests::derives_metadata_only_install_plan_from_fixture ... ok
talos::process_install::tests::rejects_bad_entry_without_partial_install ... ok
talos::process_install::tests::rejects_budget_overflow_without_partial_install ... ok
talos::process_install::tests::rejects_missing_segment_slot_without_partial_install ... ok
talos::process_install::tests::rejects_overlapping_pages_without_partial_install ... ok
talos::process_install::tests::rejects_permission_widening_without_partial_install ... ok
talos::process_install::tests::rejects_source_range_overflow_without_partial_install ... ok
talos::process_page_table_materialization::tests::materializes_descriptor_image_with_preserved_permissions ... ok
talos::process_page_table_materialization::tests::materializes_readonly_data_descriptors_as_el0_read_only_non_executable ... ok
talos::process_page_table_materialization::tests::rejects_activation_request_before_leasing ... ok
talos::process_page_table_materialization::tests::rejects_bad_address_space_or_install_mismatch_before_leasing ... ok
talos::process_page_table_materialization::tests::rejects_unsupported_multiple_l2_topology_without_leasing ... ok
talos::process_page_table_materialization::tests::rolls_back_resource_exhaustion_and_population_failures ... ok
talos::process_page_table_materialization::tests::teardown_clears_descriptors_and_releases_leases_once ... ok
talos::program_loader::tests::phase8_init_fixture_produces_image_plan_only ... ok
talos::program_loader::tests::phase8_init_loader_reports_vfs_source_errors ... ok
talos::program_loader::tests::rejects_bad_entry_outside_executable_text ... ok
talos::program_loader::tests::rejects_bad_magic_before_plan ... ok
talos::program_loader::tests::rejects_dynamic_interpreter_program_header ... ok
talos::program_loader::tests::rejects_file_range_overflow_without_partial_plan ... ok
talos::program_loader::tests::rejects_malformed_program_header_range ... ok
talos::program_loader::tests::rejects_out_of_user_range_segment ... ok
talos::program_loader::tests::rejects_rounded_segment_overlap ... ok
talos::program_loader::tests::rejects_unsupported_type_and_machine ... ok
talos::program_loader::tests::rejects_writable_executable_segment ... ok
talos::rp1_ethernet::tests::rp1_ethernet_bcm54213pe_autoneg_convergence_core_rejects_drift ... ok
talos::rp1_ethernet::tests::rp1_ethernet_bcm54213pe_autoneg_convergence_core_shapes_candidate_and_control ... ok
talos::rp1_ethernet::tests::rp1_ethernet_bcm54213pe_bmcr_autoneg_restart_core_rejects_drift ... ok
talos::rp1_ethernet::tests::rp1_ethernet_bcm54213pe_bmcr_autoneg_restart_core_shapes_candidate_and_control ... ok
talos::rp1_ethernet::tests::rp1_ethernet_bcm54213pe_boot_transport_sentinel_core_is_no_ethernet_no_mdio ... ok
talos::rp1_ethernet::tests::rp1_ethernet_bcm54213pe_boot_transport_sentinel_core_rejects_target_facts ... ok
talos::rp1_ethernet::tests::rp1_ethernet_bcm54213pe_master_mode_autoneg_source_contract_rejects_drift ... ok
talos::rp1_ethernet::tests::rp1_ethernet_bcm54213pe_master_mode_autoneg_source_contract_shapes_candidate_and_control ... ok
talos::rp1_ethernet::tests::rp1_ethernet_bcm54213pe_master_mode_source_contract_rejects_drift ... ok
talos::rp1_ethernet::tests::rp1_ethernet_bcm54213pe_master_mode_source_contract_shapes_candidate_and_control ... ok
talos::rp1_ethernet::tests::rp1_ethernet_bcm54213pe_readonly_preflight_formats_candidate_report ... ok
talos::rp1_ethernet::tests::rp1_ethernet_bcm54213pe_readonly_preflight_formats_paired_control ... ok
talos::rp1_ethernet::tests::rp1_ethernet_bcm54213pe_readonly_preflight_hw_proof_core_shapes_candidate_and_control ... ok
talos::rp1_ethernet::tests::rp1_ethernet_bcm54213pe_readonly_preflight_rejects_shape_and_overclaims ... ok
talos::rp1_ethernet::tests::rp1_ethernet_bcm54213pe_readonly_preflight_v2_core_adds_freshness_markers ... ok
talos::rp1_ethernet::tests::rp1_ethernet_bcm54213pe_readonly_preflight_v2_core_rejects_drift ... ok
talos::rp1_ethernet::tests::rp1_ethernet_bcm54213pe_rgmii_delay_core_rejects_drift ... ok
talos::rp1_ethernet::tests::rp1_ethernet_bcm54213pe_rgmii_delay_core_shapes_candidate_and_control ... ok
talos::rp1_ethernet::tests::rp1_ethernet_bcm54213pe_tx_selected_read_discriminator_core_rejects_drift ... ok
talos::rp1_ethernet::tests::rp1_ethernet_bcm54213pe_tx_selected_read_discriminator_core_shapes_candidate_and_control ... ok
talos::rp1_ethernet::tests::rp1_ethernet_bootinfo_report_serial_visibility_core_rejects_marker_and_claim_drift ... ok
talos::rp1_ethernet::tests::rp1_ethernet_bootinfo_report_serial_visibility_core_shapes_dual_stage_markers ... ok
talos::rp1_ethernet::tests::rp1_ethernet_clk_eth_ctrl_write_restore_formats_candidate_report ... ok
talos::rp1_ethernet::tests::rp1_ethernet_clk_eth_ctrl_write_restore_formats_paired_control ... ok
talos::rp1_ethernet::tests::rp1_ethernet_clk_eth_ctrl_write_restore_rejects_shape_and_overclaims ... ok
talos::rp1_ethernet::tests::rp1_ethernet_clock_reset_guard_formats_candidate_report ... ok
talos::rp1_ethernet::tests::rp1_ethernet_clock_reset_guard_formats_paired_control ... ok
talos::rp1_ethernet::tests::rp1_ethernet_clock_reset_guard_rejects_overclaims ... ok
talos::rp1_ethernet::tests::rp1_ethernet_clock_reset_guard_rejects_shape_bypass ... ok
talos::rp1_ethernet::tests::rp1_ethernet_clock_reset_write_restore_formats_candidate_report ... ok
talos::rp1_ethernet::tests::rp1_ethernet_clock_reset_write_restore_formats_paired_control ... ok
talos::rp1_ethernet::tests::rp1_ethernet_clock_reset_write_restore_rejects_forbidden_claims ... ok
talos::rp1_ethernet::tests::rp1_ethernet_clock_reset_write_restore_rejects_shape_bypass ... ok
talos::rp1_ethernet::tests::rp1_ethernet_gem_mid_decode_discriminator_formats_candidate_shape ... ok
talos::rp1_ethernet::tests::rp1_ethernet_gem_mid_decode_discriminator_formats_no_mmio_no_ethernet_control ... ok
talos::rp1_ethernet::tests::rp1_ethernet_gem_mid_decode_discriminator_rejects_overclaims ... ok
talos::rp1_ethernet::tests::rp1_ethernet_gem_mid_decode_discriminator_rejects_shape_bypass ... ok
talos::rp1_ethernet::tests::rp1_ethernet_gem_mid_report_formats_candidate_contract ... ok
talos::rp1_ethernet::tests::rp1_ethernet_gem_mid_report_formats_no_mmio_control ... ok
talos::rp1_ethernet::tests::rp1_ethernet_gem_mid_report_rejects_overclaims ... ok
talos::rp1_ethernet::tests::rp1_ethernet_gem_mid_report_rejects_shape_and_contract_bypass ... ok
talos::rp1_ethernet::tests::rp1_ethernet_gpio32_event_clear_guard_formats_candidate_report ... ok
talos::rp1_ethernet::tests::rp1_ethernet_gpio32_event_clear_guard_formats_paired_control ... ok
talos::rp1_ethernet::tests::rp1_ethernet_gpio32_event_clear_guard_rejects_shape_and_overclaims ... ok
talos::rp1_ethernet::tests::rp1_ethernet_gpio32_event_state_formats_candidate_report ... ok
talos::rp1_ethernet::tests::rp1_ethernet_gpio32_event_state_formats_control_and_source_unresolved ... ok
talos::rp1_ethernet::tests::rp1_ethernet_gpio32_event_state_rejects_shape_and_overclaims ... ok
talos::rp1_ethernet::tests::rp1_ethernet_gpio32_phy_reset_preflight_formats_candidate_report ... ok
talos::rp1_ethernet::tests::rp1_ethernet_gpio32_phy_reset_preflight_formats_paired_control ... ok
talos::rp1_ethernet::tests::rp1_ethernet_gpio32_phy_reset_preflight_rejects_shape_and_overclaims ... ok
talos::rp1_ethernet::tests::rp1_ethernet_gpio32_phy_reset_write_restore_guard_formats_candidate_report ... ok
talos::rp1_ethernet::tests::rp1_ethernet_gpio32_phy_reset_write_restore_guard_formats_control_and_blocked ... ok
talos::rp1_ethernet::tests::rp1_ethernet_gpio32_phy_reset_write_restore_guard_rejects_shape_and_overclaims ... ok
talos::rp1_ethernet::tests::rp1_ethernet_kernel_entry_serial_beacon_core_is_earliest_no_ethernet_beacon ... ok
talos::rp1_ethernet::tests::rp1_ethernet_kernel_entry_serial_beacon_core_rejects_broader_claims ... ok
talos::rp1_ethernet::tests::rp1_ethernet_mdio_mpe_enable_guard_formats_candidate_report ... ok
talos::rp1_ethernet::tests::rp1_ethernet_mdio_mpe_enable_guard_formats_paired_control ... ok
talos::rp1_ethernet::tests::rp1_ethernet_mdio_mpe_enable_guard_rejects_shape_and_overclaims ... ok
talos::rp1_ethernet::tests::rp1_ethernet_mdio_phy_id_after_mpe_guard_formats_candidate_report ... ok
talos::rp1_ethernet::tests::rp1_ethernet_mdio_phy_id_after_mpe_guard_formats_paired_control ... ok
talos::rp1_ethernet::tests::rp1_ethernet_mdio_phy_id_after_mpe_guard_rejects_shape_and_overclaims ... ok
talos::rp1_ethernet::tests::rp1_ethernet_mdio_phy_id_guard_formats_candidate_report ... ok
talos::rp1_ethernet::tests::rp1_ethernet_mdio_phy_id_guard_formats_paired_control ... ok
talos::rp1_ethernet::tests::rp1_ethernet_mdio_phy_id_guard_rejects_shape_and_overclaims ... ok
talos::rp1_ethernet::tests::rp1_ethernet_mdio_register_vector_guard_formats_candidate_report ... ok
talos::rp1_ethernet::tests::rp1_ethernet_mdio_register_vector_guard_formats_paired_control ... ok
talos::rp1_ethernet::tests::rp1_ethernet_mdio_register_vector_guard_rejects_shape_and_overclaims ... ok
talos::rp1_ethernet::tests::rp1_ethernet_observed_window_discriminator_formats_candidate_shape ... ok
talos::rp1_ethernet::tests::rp1_ethernet_observed_window_discriminator_formats_no_mmio_no_ethernet_control ... ok
talos::rp1_ethernet::tests::rp1_ethernet_observed_window_discriminator_rejects_overclaims ... ok
talos::rp1_ethernet::tests::rp1_ethernet_observed_window_discriminator_rejects_shape_bypass ... ok
talos::rp1_ethernet::tests::rp1_ethernet_phy1_gigabit_preflight_decodes_selected_registers ... ok
talos::rp1_ethernet::tests::rp1_ethernet_phy1_status_decodes_accepted_v4_vector ... ok
talos::rp1_ethernet::tests::rp1_ethernet_prereq_ownership_formats_candidate_report ... ok
talos::rp1_ethernet::tests::rp1_ethernet_prereq_ownership_formats_paired_control ... ok
talos::rp1_ethernet::tests::rp1_ethernet_prereq_ownership_rejects_overclaims ... ok
talos::rp1_ethernet::tests::rp1_ethernet_prereq_ownership_rejects_shape_bypass ... ok
talos::runtime_console::tests::default_console_input_names_unavailable_and_backend_error_outcomes ... ok
talos::runtime_console::tests::default_console_input_reports_byte_and_no_data_outcomes ... ok
talos::runtime_console::tests::default_console_output_uses_named_runtime_console_boundary ... ok
talos::runtime_console::tests::runtime_console_names_the_default_kernel_console ... ok
talos::runtime_console::tests::runtime_console_reports_backend_write_failure ... ok
talos::runtime_console::tests::runtime_console_routes_formatted_kernel_text_to_backend ... ok
talos::runtime_console::tests::runtime_console_routes_static_kernel_text_to_backend ... ok
talos::runtime_console::tests::runtime_console_routes_user_bytes_to_backend ... ok
talos::scheduler::tests::context_frame_bootstrap_records_thread_entry_and_argument ... ok
talos::scheduler::tests::context_frame_layout_matches_aarch64_switch_offsets ... ok
talos::scheduler::tests::cpu_local_preemption_cycle_keeps_pending_request_after_no_runnable_error ... ok
talos::scheduler::tests::cpu_local_preemption_cycle_rejects_mismatched_current_task_before_service ... ok
talos::scheduler::tests::cpu_local_preemption_cycle_rejects_wrong_owner_before_queue_mutation ... ok
talos::scheduler::tests::cpu_local_preemption_cycle_services_owner_local_pending_request ... ok
talos::scheduler::tests::cpu_local_scheduler_service_drains_wakes_dispatches_and_refreshes_metadata ... ok
talos::scheduler::tests::cpu_local_scheduler_service_handles_timer_preemption_before_metadata_refresh ... ok
talos::scheduler::tests::cpu_local_scheduler_service_preserves_explicit_error_boundaries ... ok
talos::scheduler::tests::kernel_stack_records_bounds_without_owning_process_resources ... ok
talos::scheduler::tests::kernel_thread_starts_runnable_without_process_owner ... ok
talos::scheduler::tests::load_balancing_policy_rejects_destination_backpressure_before_publication ... ok
talos::scheduler::tests::load_balancing_policy_rejects_invalid_destination_role_and_cpu_id ... ok
talos::scheduler::tests::load_balancing_policy_rejects_shared_backpressure_and_preserves_single_owner_queue ... ok
talos::scheduler::tests::load_balancing_policy_rejects_stale_plan_without_source_queue_mutation ... ok
talos::scheduler::tests::load_balancing_policy_selects_front_candidate_and_publishes_shared_handoff ... ok
talos::scheduler::tests::logical_cpu_id_preserves_cpu_local_owner_identity ... ok
talos::scheduler::tests::make_runnable_rejects_full_queue_without_mutating_task_or_counters ... ok
talos::scheduler::tests::per_core_preemption_state_records_only_local_timer_requests ... ok
talos::scheduler::tests::per_core_scheduler_keeps_secondary_dispatch_deferred ... ok
talos::scheduler::tests::per_core_scheduler_local_queue_keeps_single_core_invariants ... ok
talos::scheduler::tests::per_core_scheduler_records_boot_cpu_owner_and_current_task ... ok
talos::scheduler::tests::per_core_scheduler_rejects_cross_owner_queue_mutation ... ok
talos::scheduler::tests::preemption_state_defers_service_while_disabled_and_balances_nested_sections ... ok
talos::scheduler::tests::process_owner_is_explicit_future_extension_point ... ok
talos::scheduler::tests::production_scheduler_runtime_records_timer_irq_without_scheduler_mutation ... ok
talos::scheduler::tests::production_scheduler_runtime_rejects_unowned_or_deferred_timer_irq_recording ... ok
talos::scheduler::tests::production_scheduler_runtime_services_pending_preemption_owner_locally ... ok
talos::scheduler::tests::production_secondary_diagnostic_dispatches_only_local_runnable_task ... ok
talos::scheduler::tests::production_secondary_diagnostic_rejects_cross_owner_dispatch ... ok
talos::scheduler::tests::production_secondary_diagnostic_rejects_mismatched_or_nonrunnable_task ... ok
talos::scheduler::tests::remote_wake_queue_coalesces_duplicate_task_requests ... ok
talos::scheduler::tests::remote_wake_queue_rejects_overflow_and_cross_owner_consumption ... ok
talos::scheduler::tests::remote_wake_queue_rejects_self_and_wrong_target_publication ... ok
talos::scheduler::tests::runnable_queue_dequeues_in_fifo_order_and_resets_when_empty ... ok
talos::scheduler::tests::runnable_queue_removes_middle_and_preserves_fifo_order ... ok
talos::scheduler::tests::runnable_queue_removes_wrapped_entry_and_keeps_tail_reusable ... ok
talos::scheduler::tests::runnable_queue_wraps_tail_and_rejects_overflow ... ok
talos::scheduler::tests::scheduler_tracks_state_transition_when_making_task_runnable ... ok
talos::scheduler::tests::secondary_scheduler_service_loop_consumes_remote_wake_without_dispatch ... ok
talos::scheduler::tests::secondary_scheduler_service_loop_dispatches_local_runnable_task ... ok
talos::scheduler::tests::secondary_scheduler_service_loop_handles_timer_preemption_before_dispatch ... ok
talos::scheduler::tests::secondary_scheduler_service_loop_rejects_deferred_secondary_role ... ok
talos::scheduler::tests::secondary_scheduler_service_loop_rejects_wrong_owner_before_consuming_wake ... ok
talos::scheduler::tests::secondary_scheduler_service_loop_reports_no_work_after_metadata_refresh ... ok
talos::scheduler::tests::shared_run_queue_destination_consumes_and_updates_metadata_owner ... ok
talos::scheduler::tests::shared_run_queue_lock_wraps_only_shared_handoff_queue ... ok
talos::scheduler::tests::shared_run_queue_publishes_migration_without_cross_owner_local_enqueue ... ok
talos::scheduler::tests::shared_run_queue_rejects_deferred_destination_and_duplicate_local_enqueue ... ok
talos::scheduler::tests::shared_run_queue_rejects_running_blocked_duplicate_and_full_cases ... ok
talos::scheduler::tests::shared_run_queue_rejects_stale_generation_without_source_queue_mutation ... ok
talos::scheduler::tests::shared_scheduler_metadata_lock_protects_metadata_table_only ... ok
talos::scheduler::tests::shared_scheduler_metadata_refresh_tracks_owner_local_membership ... ok
talos::scheduler::tests::shared_scheduler_metadata_registers_local_task_snapshot ... ok
talos::scheduler::tests::shared_scheduler_metadata_rejects_cross_owner_publication_without_queue_mutation ... ok
talos::scheduler::tests::shared_scheduler_metadata_rejects_duplicate_and_unknown_tasks ... ok
talos::scheduler::tests::shared_scheduler_metadata_rejects_invalid_owner_and_task_id_zero ... ok
talos::scheduler::tests::target_owned_wake_consumption_makes_only_local_blocked_task_runnable ... ok
talos::scheduler::tests::target_owned_wake_consumption_rejects_cross_owner_and_nonlocal_tasks ... ok
talos::scheduler::tests::target_owned_wake_consumption_rejects_duplicate_local_enqueue ... ok
talos::scheduler::tests::task_can_be_marked_running_without_context_switch_implementation ... ok
talos::scheduler::tests::task_id_rejects_zero_and_preserves_scheduler_local_value ... ok
talos::scheduler::tests::timer_preempt_allows_one_slot_queue_by_dequeuing_before_requeue ... ok
talos::scheduler::tests::timer_preempt_requeues_current_without_counting_voluntary_yield ... ok
talos::scheduler::tests::voluntary_yield_allows_one_slot_queue_by_dequeuing_before_requeue ... ok
talos::scheduler::tests::voluntary_yield_rejects_non_running_or_empty_dispatch ... ok
talos::scheduler::tests::voluntary_yield_requeues_current_and_counts_dispatch_switch ... ok
talos::smoke_test_runs ... ok
talos::smp::tests::controlled_workload_records_progress_and_completion ... ok
talos::smp::tests::core_lifecycle_names_match_bringup_contract ... ok
talos::smp::tests::per_core_state_records_identity_stack_and_handoff ... ok
talos::smp::tests::pi5_mpidr_affinity_maps_four_cortex_a76_cores ... ok
talos::smp::tests::republish_identity_refreshes_identity_without_resetting_progress ... ok
talos::smp::tests::stack_layout_gives_each_possible_core_a_distinct_slot ... ok
talos::smp_sync::tests::irqsave_lock_composes_mask_before_guard_and_restores_on_drop ... ok
talos::smp_sync::tests::smp_full_barrier_is_callable_from_tests ... ok
talos::smp_sync::tests::spin_lock_guard_mutates_and_releases_on_drop ... ok
talos::smp_sync::tests::spin_lock_is_non_recursive_by_policy ... ok
talos::smp_sync::tests::spin_lock_starts_unlocked_and_try_lock_sets_state ... ok
talos::syscall::tests::copy_probe_dispatch_reports_fault_for_unmapped_user_range ... ok
talos::syscall::tests::copy_probe_dispatch_uses_explicit_mapping_and_backing_storage ... ok
talos::syscall::tests::copy_probe_number_is_unknown_outside_proof_dispatch ... ok
talos::syscall::tests::descriptor_close_number_requires_context_in_scalar_dispatch ... ok
talos::syscall::tests::descriptor_dup_number_requires_context_in_scalar_dispatch ... ok
talos::syscall::tests::descriptor_open_number_requires_initramfs_context_in_scalar_dispatch ... ok
talos::syscall::tests::descriptor_read_number_requires_context_in_scalar_dispatch ... ok
talos::syscall::tests::descriptor_shaped_ping_control_completes_single_runtime_pump_lifecycle ... ok
talos::syscall::tests::descriptor_shaped_ping_control_maps_caller_receive_buffer_pressure_to_enospc ... ok
talos::syscall::tests::descriptor_shaped_ping_control_maps_descriptor_capacity_retry_timeout_and_io_errors ... ok
talos::syscall::tests::descriptor_write_dispatch_preserves_scalar_syscall_regressions ... ok
talos::syscall::tests::descriptor_write_number_requires_context_in_scalar_dispatch ... ok
talos::syscall::tests::ping_operation_syscall_substitute_completes_unresolved_arp_to_echo_reply ... ok
talos::syscall::tests::ping_operation_syscall_substitute_maps_descriptor_and_device_errors ... ok
talos::syscall::tests::posix_error_vocabulary_encodes_as_negative_errno_x0_values ... ok
talos::syscall::tests::process_local_ping_descriptor_control_completes_lifecycle_through_process_descriptor ... ok
talos::syscall::tests::process_local_ping_descriptor_control_maps_capacity_busy_closed_retry_timeout_and_io_errors ... ok
talos::syscall::tests::process_local_ping_dispatch_completes_lifecycle_through_dispatch_shape ... ok
talos::syscall::tests::process_local_ping_dispatch_maps_descriptor_capacity_and_runtime_errors ... ok
talos::syscall::tests::process_local_ping_user_arguments_complete_lifecycle_and_copy_outputs ... ok
talos::syscall::tests::process_local_ping_user_arguments_reject_malformed_owner_descriptor_capacity_and_buffers ... ok
talos::syscall::tests::runtime_ping_syscall_substitute_completes_unresolved_arp_to_echo_reply_through_runtime_pump ... ok
talos::syscall::tests::runtime_ping_syscall_substitute_keeps_local_responder_working_with_open_descriptor ... ok
talos::syscall::tests::runtime_ping_syscall_substitute_maps_descriptor_capacity_timeout_and_device_errors ... ok
talos::syscall::tests::scalar_argument_view_preserves_x0_through_x5_values ... ok
talos::syscall::tests::socket_number_requires_socket_table_context_in_scalar_dispatch ... ok
talos::syscall::tests::stable_svc_immediate_is_zero_and_diagnostic_marker_is_not_stable ... ok
talos::syscall::tests::syscall_number_zero_dispatches_to_talos_nop_success ... ok
talos::syscall::tests::talos_close_failures_are_deterministic_and_do_not_mutate_on_einval ... ok
talos::syscall::tests::talos_close_preserves_duplicate_descriptor_lifetime ... ok
talos::syscall::tests::talos_close_stderr_uses_the_same_table_local_rule ... ok
talos::syscall::tests::talos_close_stdout_blocks_later_process_descriptor_write ... ok
talos::syscall::tests::talos_dup_duplicate_remains_writable_after_source_close ... ok
talos::syscall::tests::talos_dup_failures_are_deterministic_and_do_not_mutate_on_einval ... ok
talos::syscall::tests::talos_dup_full_table_returns_emfile_without_mutation ... ok
talos::syscall::tests::talos_dup_stderr_and_stdin_follow_table_local_descriptor_rules ... ok
talos::syscall::tests::talos_dup_stdout_returns_lowest_free_descriptor_and_preserves_source ... ok
talos::syscall::tests::talos_open_initramfs_errors_do_not_allocate_descriptors_or_files ... ok
talos::syscall::tests::talos_open_initramfs_then_read_exposes_regular_file_contents ... ok
talos::syscall::tests::talos_read_copy_faults_do_not_consume_fixed_input ... ok
talos::syscall::tests::talos_read_duplicate_of_stdin_shares_fixed_input_cursor ... ok
talos::syscall::tests::talos_read_fd_errors_do_not_copy_or_consume_input ... ok
talos::syscall::tests::talos_read_initramfs_errors_preserve_file_offset_and_user_memory ... ok
talos::syscall::tests::talos_read_reports_enotsup_for_non_stdin_readable_objects_or_missing_source ... ok
talos::syscall::tests::talos_read_reserved_registers_reject_without_mutation ... ok
talos::syscall::tests::talos_read_short_count_and_eof_are_bounded_to_fixed_input ... ok
talos::syscall::tests::talos_read_stdin_copies_fixed_input_and_advances_after_copy ... ok
talos::syscall::tests::talos_read_zero_length_does_not_consume_or_use_destination ... ok
talos::syscall::tests::talos_socket_close_rejects_wrong_owner_socket_backing ... ok
talos::syscall::tests::talos_socket_errors_are_deterministic_and_do_not_allocate_on_failure ... ok
talos::syscall::tests::talos_socket_opens_af_inet_stream_descriptor_and_close_drops_backing ... ok
talos::syscall::tests::talos_write_backend_failure_is_encoded_as_eio_not_success ... ok
talos::syscall::tests::talos_write_rejects_read_only_and_invalid_descriptors_without_output ... ok
talos::syscall::tests::talos_write_rejects_reserved_registers_and_oversize_lengths_as_einval ... ok
talos::syscall::tests::talos_write_rejects_unmapped_user_ranges_without_output ... ok
talos::syscall::tests::talos_write_stderr_uses_the_same_runtime_console_slice ... ok
talos::syscall::tests::talos_write_stdout_copies_user_bytes_before_runtime_console_output ... ok
talos::syscall::tests::talos_write_zero_length_validates_descriptor_without_console_output ... ok
talos::syscall::tests::unknown_syscall_dispatches_to_negative_enosys ... ok
talos::syscall::tests::vfs_path_errors_do_not_collapse_to_enosys ... ok
talos::syscall::tests::vfs_ping_diagnostic_svc_fixture_completes_vfs_backed_user_lifecycle ... ok
talos::syscall::tests::vfs_ping_diagnostic_svc_fixture_maps_contract_error_controls ... ok
talos::syscall::tests::vfs_ping_diagnostic_svc_fixture_maps_packet_queue_controls ... ok
talos::syscall::tests::vfs_ping_diagnostic_svc_fixture_records_packet_queue_lifecycle ... ok
talos::target::qemu_virt::tests::qemu_mpidr_affinity_maps_four_virt_cpus ... ok
talos::target::rpi5::tests::pi5_uart10_address_matches_bcm2712_soc_range ... ok
talos::target::tests::target_services_include_qemu_console ... ok
talos::tty::tests::canonical_lite_applies_backspace_delete_control_truncation_and_newline ... ok
talos::tty::tests::line_discipline_cancels_current_line_on_ctrl_c ... ok
talos::tty::tests::line_discipline_collapses_newline_forms_to_crlf_echo ... ok
talos::tty::tests::line_discipline_handles_tab_printable_and_editing_bytes ... ok
talos::tty::tests::line_discipline_kills_current_line_on_ctrl_u_without_termination ... ok
talos::tty::tests::line_discipline_marks_control_event_truncation ... ok
talos::tty::tests::line_discipline_records_deferred_control_event_names ... ok
talos::tty::tests::line_discipline_reports_buffer_limit_without_implicit_timeout ... ok
talos::tty::tests::polling_rx_diagnostic_reports_bounded_timeout_without_input ... ok
talos::tty::tests::raw_mode_passes_bytes_without_canonical_translation_or_echo ... ok
test result: ok. 668 passed
qemu-shell-sockdiag-open-close-smoke: cargo-test-filter=talos_socket_close_rejects_wrong_owner_socket_backing

running 668 talos no_std tests
talos::allocator::tests::allocation_advances_with_alignment_and_updates_accounting ... ok
talos::allocator::tests::direct_global_allocator_style_smoke_preserves_accounting ... ok
talos::allocator::tests::fallible_allocation_reports_alignment_overflow_separately ... ok
talos::allocator::tests::fallible_allocation_reports_exhaustion_without_advancing ... ok
talos::allocator::tests::init_rejects_inconsistent_allocator_plan_contracts ... ok
talos::allocator::tests::init_state_tracks_allocator_bounds_and_capacity ... ok
talos::allocator::tests::oversized_allocation_returns_null_without_advancing ... ok
talos::allocator::tests::realloc_growth_allocates_new_region_and_preserves_prefix ... ok
talos::allocator::tests::uninitialized_allocation_returns_null ... ok
talos::arch::aarch64::exceptions::tests::diagnostic_marker_does_not_route_as_production_syscall ... ok
talos::arch::aarch64::exceptions::tests::irq_dispatch_stub_counts_and_records_context_without_frame ... ok
talos::arch::aarch64::exceptions::tests::irq_vector_classifier_names_irq_slots ... ok
talos::arch::aarch64::exceptions::tests::lower_aarch64_svc_zero_routes_through_syscall_dispatch ... ok
talos::arch::aarch64::exceptions::tests::unknown_syscall_routes_to_negative_enosys ... ok
talos::arch::aarch64::generic_timer::tests::first_smoke_delta_has_small_frequency_floor ... ok
talos::arch::aarch64::generic_timer::tests::monotonic_tick_counter_resets ... ok
talos::arch::aarch64::generic_timer::tests::periodic_tick_delta_can_be_configured ... ok
talos::arch::aarch64::generic_timer::tests::periodic_tick_policy_uses_centisecond_floor ... ok
talos::arch::aarch64::gicv2::tests::sgi_all_except_self_value_encodes_filter_and_intid ... ok
talos::arch::aarch64::gicv2::tests::sgi_target_list_value_encodes_intid_and_targets ... ok
talos::arch::aarch64::gicv2::tests::spurious_intid_matches_gicv2_architecture ... ok
talos::arch::aarch64::tests::irq_mask_state_records_masked_snapshot ... ok
talos::arch::aarch64::tests::irq_mask_state_records_unmasked_snapshot ... ok
talos::arch::aarch64::tests::mpidr_affinity_masks_non_affinity_bits ... ok
talos::arch::aarch64::tests::nested_irq_mask_restore_preserves_outer_masked_state ... ok
talos::device_tree::chosen::tests::device_tree_reads_chosen_bootargs ... ok
talos::device_tree::chosen::tests::device_tree_reads_chosen_initrd_range ... ok
talos::device_tree::memory::tests::device_tree_reads_memory_banks ... ok
talos::device_tree::memory::tests::device_tree_reads_memory_reservations ... ok
talos::device_tree::memory::tests::device_tree_reads_multiple_root_memory_nodes ... ok
talos::device_tree::memory::tests::device_tree_reads_reserved_memory_ranges ... ok
talos::device_tree::memory::tests::memory_cell_decoder_accepts_only_one_or_two_complete_cells ... ok
talos::device_tree::raw::tests::device_tree_reads_fdt_header ... ok
talos::device_tree::raw::tests::raw_fdt_helpers_bound_alignment_blocks_and_strings ... ok
talos::diagnostic_command::tests::dispatcher_lists_bounded_default_commands ... ok
talos::diagnostic_command::tests::dispatcher_propagates_response_sink_failure ... ok
talos::diagnostic_command::tests::dispatcher_reports_deterministic_status_without_posix_state ... ok
talos::diagnostic_command::tests::dispatcher_reports_unknown_parse_and_argument_errors ... ok
talos::diagnostic_command::tests::parser_accepts_completed_tty_line_tokens ... ok
talos::diagnostic_command::tests::parser_rejects_non_command_shell_syntax_and_bounds ... ok
talos::dma_cache::tests::driver_diagnostic_envelope_formats_accepted_executor_evidence ... ok
talos::dma_cache::tests::driver_diagnostic_envelope_rejects_line_coverage_overflow_and_completion_claims ... ok
talos::dma_cache::tests::driver_diagnostic_envelope_rejects_non_accepted_executor_and_missing_prerequisites ... ok
talos::dma_cache::tests::driver_diagnostic_envelope_rejects_unsupported_claims_and_missing_rejected_claims ... ok
talos::dma_cache::tests::maintenance_executor_accepts_invalidate_and_clean_invalidate_dispatch_vocabularies ... ok
talos::dma_cache::tests::maintenance_executor_dispatches_clean_sequence_and_formats_evidence ... ok
talos::dma_cache::tests::maintenance_executor_rejects_contract_classification_and_identity_bypass ... ok
talos::dma_cache::tests::maintenance_executor_rejects_line_coverage_overflow_and_range_mismatch ... ok
talos::dma_cache::tests::maintenance_executor_rejects_unsupported_operation_instruction_and_barrier ... ok
talos::dma_cache::tests::maintenance_sequence_derives_clean_instruction_barrier_and_evidence ... ok
talos::dma_cache::tests::maintenance_sequence_derives_invalidate_and_clean_invalidate_instructions ... ok
talos::dma_cache::tests::maintenance_sequence_rejects_non_accepted_sync_plan_and_descriptor_mismatch ... ok
talos::dma_cache::tests::maintenance_sequence_rejects_zero_mismatch_overflow_and_runtime_claims ... ok
talos::dma_cache::tests::small_diagnostic_plan_formats_accepted_envelope_and_rp1_dma_source_facts ... ok
talos::dma_cache::tests::small_diagnostic_plan_rejects_completion_and_driver_readiness_claims ... ok
talos::dma_cache::tests::small_diagnostic_plan_rejects_controller_source_and_policy_claims ... ok
talos::dma_cache::tests::small_diagnostic_plan_rejects_non_accepted_envelope_and_missing_prerequisites ... ok
talos::dma_cache::tests::small_diagnostic_visibility_report_formats_candidate_plan_evidence ... ok
talos::dma_cache::tests::small_diagnostic_visibility_report_formats_no_plan_control ... ok
talos::dma_cache::tests::small_diagnostic_visibility_report_rejects_overclaims ... ok
talos::dma_cache::tests::small_diagnostic_visibility_report_rejects_shape_and_plan_bypass ... ok
talos::dma_cache::tests::sync_plan_covers_unaligned_cpu_visible_range_with_cache_lines ... ok
talos::dma_cache::tests::sync_plan_derives_bidirectional_shared_clean_invalidate ... ok
talos::dma_cache::tests::sync_plan_derives_from_device_after_ownership_invalidate ... ok
talos::dma_cache::tests::sync_plan_derives_to_device_before_ownership_clean ... ok
talos::dma_cache::tests::sync_plan_rejects_non_accepted_descriptor_classification_inputs ... ok
talos::dma_cache::tests::sync_plan_rejects_overflow_unsupported_claims_and_boundary_pairs ... ok
talos::dma_cache::tests::translation_helpers_cover_ram_peripheral_range_and_overflow ... ok
talos::dma_cache::tests::valid_rp1_ram_window_descriptor_emits_local_static_evidence ... ok
talos::dma_cache::tests::validator_rejects_forbidden_cacheability_and_iommu_claims ... ok
talos::dma_cache::tests::validator_rejects_forbidden_reserved_and_high_memory_inputs ... ok
talos::dma_cache::tests::validator_rejects_owned_span_escape ... ok
talos::dma_cache::tests::validator_rejects_unaligned_descriptor ... ok
talos::early_format::tests::decimal_formatter_writes_zero_and_multi_digit_values ... ok
talos::early_format::tests::hex_formatter_uses_minimal_digits ... ok
talos::early_format::tests::hex_formatter_writes_full_width_u64_values ... ok
talos::initial_process_launch::tests::prepares_launch_plan_without_runnable_side_effects ... ok
talos::initial_process_launch::tests::rejects_activation_stack_and_scheduler_requests ... ok
talos::initial_process_launch::tests::rejects_bad_identity_before_publication ... ok
talos::initial_process_launch::tests::rejects_destroyed_inputs_without_partial_launch ... ok
talos::initial_process_launch::tests::rejects_entry_mismatch_as_not_executable ... ok
talos::initial_process_launch::tests::rejects_forbidden_entry_range ... ok
talos::initial_process_launch::tests::rejects_runnable_commit_without_partial_launch_or_publication ... ok
talos::initial_user_stack::tests::builds_initial_stack_plan_with_fixed_layout_and_accounting ... ok
talos::initial_user_stack::tests::capacity_exhaustion_releases_partial_stack_leases ... ok
talos::initial_user_stack::tests::records_minimal_argv_startup_payload_and_launch_binding_without_live_side_effects ... ok
talos::initial_user_stack::tests::rejects_already_stack_ready_launch_input_without_leasing ... ok
talos::initial_user_stack::tests::rejects_bad_stack_range_and_executable_permissions_without_leasing ... ok
talos::initial_user_stack::tests::rejects_image_overlap_without_leasing ... ok
talos::initial_user_stack::tests::rejects_live_launch_requests_without_partial_launch_or_publication ... ok
talos::initial_user_stack::tests::teardown_releases_only_stack_owned_leases_and_is_idempotent ... ok
talos::initramfs::tests::copy_faults_and_invalid_scratch_do_not_mutate_offsets_or_user_bytes ... ok
talos::initramfs::tests::descriptor_facing_read_rejects_directory_and_unsupported_objects ... ok
talos::initramfs::tests::descriptor_facing_read_reports_ebadf_before_copy_or_offset_mutation ... ok
talos::initramfs::tests::descriptor_reads_opened_files_and_duplicates_share_offset ... ok
talos::initramfs::tests::fixture_validates_root_and_unique_directory_entries ... ok
talos::initramfs::tests::lookup_reports_contract_error_precedence ... ok
talos::initramfs::tests::lookup_reports_root_directory_and_contract_files ... ok
talos::initramfs::tests::lookup_uses_accepted_path_normalization_from_root_and_cwd ... ok
talos::initramfs::tests::malformed_open_file_description_reports_einval ... ok
talos::initramfs::tests::open_regular_descriptor_attaches_file_description_to_lowest_fd ... ok
talos::initramfs::tests::open_regular_descriptor_rolls_back_file_description_on_descriptor_failure ... ok
talos::initramfs::tests::open_regular_file_rejects_directories_as_eisdir ... ok
talos::initramfs::tests::phase8_fixture_name_is_stable ... ok
talos::initramfs::tests::reads_are_short_only_at_fixture_eof ... ok
talos::initramfs::tests::regular_file_bytes_returns_immutable_init_fixture ... ok
talos::initramfs::tests::regular_file_kernel_reads_copy_bytes_advance_offset_and_report_eof ... ok
talos::initramfs::tests::regular_file_reads_copy_bytes_advance_offset_and_report_eof ... ok
talos::initramfs::tests::zero_length_file_and_zero_length_reads_do_not_mutate_offsets ... ok
talos::kernel_half_descriptor_image::tests::constructs_non_installed_descriptor_image_with_copied_lineage ... ok
talos::kernel_half_descriptor_image::tests::records_required_coverage_permissions_attributes_and_blockers ... ok
talos::kernel_half_descriptor_image::tests::records_ttbr1_image_intent_without_live_side_effects ... ok
talos::kernel_half_descriptor_image::tests::rejects_blocked_requests_without_partial_image ... ok
talos::kernel_half_descriptor_image::tests::rolls_back_lease_shortage_without_partial_image ... ok
talos::kernel_half_descriptor_image::tests::teardown_releases_model_owned_records_and_is_idempotent ... ok
talos::kernel_half_reachability::tests::builds_preflight_plan_with_copied_input_lineage ... ok
talos::kernel_half_reachability::tests::records_kernel_half_policy_without_live_side_effects ... ok
talos::kernel_half_reachability::tests::rejects_blocked_requests_without_partial_plan ... ok
talos::kernel_half_reachability::tests::rejects_identity_and_lineage_disagreements_before_publication ... ok
talos::kernel_half_reachability::tests::rolls_back_resource_exhaustion_without_partial_plan ... ok
talos::kernel_half_reachability::tests::teardown_releases_only_plan_local_lease_and_is_idempotent ... ok
talos::live_address_space_activation::tests::builds_preflight_plan_with_blocked_live_activation_fields ... ok
talos::live_address_space_activation::tests::records_required_kernel_reachability_without_live_side_effects ... ok
talos::live_address_space_activation::tests::rejects_identity_and_entry_disagreements_before_publication ... ok
talos::live_address_space_activation::tests::rejects_live_register_and_publication_requests_without_partial_activation ... ok
talos::live_address_space_activation::tests::rolls_back_resource_exhaustion_without_partial_activation ... ok
talos::live_address_space_activation::tests::teardown_releases_only_plan_local_lease_and_is_idempotent ... ok
talos::live_descriptor_image_installation::tests::installs_model_binding_with_copied_lineage_and_no_live_state ... ok
talos::live_descriptor_image_installation::tests::preserves_coverage_permissions_and_zero_side_effect_accounting ... ok
talos::live_descriptor_image_installation::tests::rejects_deterministic_cases_without_partial_installation ... ok
talos::live_descriptor_image_installation::tests::rejects_missing_destroyed_and_resource_exhaustion_without_leaks ... ok
talos::live_descriptor_image_installation::tests::teardown_clears_only_installation_record_and_is_idempotent ... ok
talos::live_translation_register_activation::tests::commits_model_activation_intent_with_copied_lineage_and_no_live_state ... ok
talos::live_translation_register_activation::tests::records_input_provenance_reachability_and_zero_side_effects ... ok
talos::live_translation_register_activation::tests::rejects_deterministic_cases_without_partial_activation ... ok
talos::live_translation_register_activation::tests::rejects_missing_destroyed_and_resource_exhaustion_without_leaks ... ok
talos::live_translation_register_activation::tests::teardown_clears_only_activation_record_and_is_idempotent ... ok
talos::local_command_loop::tests::local_command_loop_accepts_explicit_fd1_stdout_regular_file_aliases ... ok
talos::local_command_loop::tests::local_command_loop_append_creates_missing_stderr_volatile_regular_file ... ok
talos::local_command_loop::tests::local_command_loop_append_creates_missing_stdout_volatile_regular_file ... ok
talos::local_command_loop::tests::local_command_loop_appends_child_stderr_to_existing_volatile_regular_file ... ok
talos::local_command_loop::tests::local_command_loop_appends_child_stdout_to_existing_volatile_regular_file ... ok
talos::local_command_loop::tests::local_command_loop_applies_backspace_and_delete_before_dispatch ... ok
talos::local_command_loop::tests::local_command_loop_bounded_wait_consumes_delayed_userspace_stdin ... ok
talos::local_command_loop::tests::local_command_loop_cancels_partial_line_on_ctrl_c_before_next_dispatch ... ok
talos::local_command_loop::tests::local_command_loop_cats_banner_through_reusable_vfs_syscall_descriptor ... ok
talos::local_command_loop::tests::local_command_loop_cats_generated_manifest_through_vfs_syscall_descriptor ... ok
talos::local_command_loop::tests::local_command_loop_closes_child_stderr_only_for_one_exec ... ok
talos::local_command_loop::tests::local_command_loop_closes_child_stdout_only_for_one_exec ... ok
talos::local_command_loop::tests::local_command_loop_combines_readonly_stdin_and_volatile_stdout_redirection ... ok
talos::local_command_loop::tests::local_command_loop_dispatches_bare_ls_against_current_directory ... ok
talos::local_command_loop::tests::local_command_loop_dispatches_bounded_cat_banner ... ok
talos::local_command_loop::tests::local_command_loop_dispatches_bounded_literal_echo_tail ... ok
talos::local_command_loop::tests::local_command_loop_dispatches_bounded_ls_bin ... ok
talos::local_command_loop::tests::local_command_loop_dispatches_bounded_ls_root ... ok
talos::local_command_loop::tests::local_command_loop_dispatches_cat_banner_against_current_directory ... ok
talos::local_command_loop::tests::local_command_loop_dispatches_kernel_backed_echo_argument ... ok
talos::local_command_loop::tests::local_command_loop_dispatches_kernel_backed_help ... ok
talos::local_command_loop::tests::local_command_loop_dispatches_root_only_pwd ... ok
talos::local_command_loop::tests::local_command_loop_execs_absolute_vfs_program_with_literal_argv ... ok
talos::local_command_loop::tests::local_command_loop_execs_generated_root_executable_with_literal_argv ... ok
talos::local_command_loop::tests::local_command_loop_execs_init_through_vfs_launch_boundary ... ok
talos::local_command_loop::tests::local_command_loop_execs_minimal_stdout_to_stdin_pipeline ... ok
talos::local_command_loop::tests::local_command_loop_execs_non_init_absolute_vfs_program ... ok
talos::local_command_loop::tests::local_command_loop_execs_nonzero_status_vfs_program ... ok
talos::local_command_loop::tests::local_command_loop_execs_shell_visible_pingdiag_through_vfs_diagnostic_layers ... ok
talos::local_command_loop::tests::local_command_loop_execs_shell_visible_sockdiag_through_vfs_socket_syscalls ... ok
talos::local_command_loop::tests::local_command_loop_execs_userspace_stderr_fixture_through_fd2 ... ok
talos::local_command_loop::tests::local_command_loop_execs_userspace_stdin_fixture_through_fd0 ... ok
talos::local_command_loop::tests::local_command_loop_execs_userspace_stdout_fixture_through_fd1 ... ok
talos::local_command_loop::tests::local_command_loop_handles_empty_and_unknown_input_visibly ... ok
talos::local_command_loop::tests::local_command_loop_jobs_reports_background_accounting_record ... ok
talos::local_command_loop::tests::local_command_loop_keeps_stderr_out_of_stdout_pipeline ... ok
talos::local_command_loop::tests::local_command_loop_kills_partial_line_on_ctrl_u_before_dispatch ... ok
talos::local_command_loop::tests::local_command_loop_observes_last_process_status_from_lifecycle_record ... ok
talos::local_command_loop::tests::local_command_loop_pipes_child_stderr_after_dup_to_stdout ... ok
talos::local_command_loop::tests::local_command_loop_records_multiple_background_vfs_exec_jobs ... ok
talos::local_command_loop::tests::local_command_loop_redirects_child_stderr_to_dev_null_only_for_one_exec ... ok
talos::local_command_loop::tests::local_command_loop_redirects_child_stderr_to_inherited_stdout_fd ... ok
talos::local_command_loop::tests::local_command_loop_redirects_child_stderr_to_volatile_regular_file ... ok
talos::local_command_loop::tests::local_command_loop_redirects_child_stdin_from_dev_null_only_for_one_exec ... ok
talos::local_command_loop::tests::local_command_loop_redirects_child_stdin_from_readonly_regular_file_only_for_one_exec ... ok
talos::local_command_loop::tests::local_command_loop_redirects_child_stdout_to_dev_null_only_for_one_exec ... ok
talos::local_command_loop::tests::local_command_loop_redirects_child_stdout_to_inherited_stderr_fd ... ok
talos::local_command_loop::tests::local_command_loop_redirects_child_stdout_to_volatile_regular_file ... ok
talos::local_command_loop::tests::local_command_loop_redirects_pipeline_consumer_stdout_to_volatile_file ... ok
talos::local_command_loop::tests::local_command_loop_redirects_pipeline_producer_stdout_to_volatile_file ... ok
talos::local_command_loop::tests::local_command_loop_redirects_pipeline_stdout_away_to_stderr ... ok
talos::local_command_loop::tests::local_command_loop_redirects_stderr_to_arbitrary_tmp_basenames ... ok
talos::local_command_loop::tests::local_command_loop_redirects_stdout_to_arbitrary_tmp_basenames ... ok
talos::local_command_loop::tests::local_command_loop_rejects_arguments_for_non_echo_builtins ... ok
talos::local_command_loop::tests::local_command_loop_rejects_missing_and_non_executable_exec_targets ... ok
talos::local_command_loop::tests::local_command_loop_rejects_truncated_control_history ... ok
talos::local_command_loop::tests::local_command_loop_rejects_unsupported_explicit_file_output_aliases ... ok
talos::local_command_loop::tests::local_command_loop_rejects_unsupported_literal_exec_grammar ... ok
talos::local_command_loop::tests::local_command_loop_rejects_unsupported_pipeline_forms ... ok
talos::local_command_loop::tests::local_command_loop_rejects_unsupported_redirection_forms ... ok
talos::local_command_loop::tests::local_command_loop_reports_descriptor_backed_stdio ... ok
talos::local_command_loop::tests::local_command_loop_reports_generated_root_source_reason_in_tail_stable_position ... ok
talos::local_command_loop::tests::local_command_loop_reports_input_and_response_failures ... ok
talos::local_command_loop::tests::local_command_loop_reports_userspace_stdin_ctrl_d_terminal_eof ... ok
talos::local_command_loop::tests::local_command_loop_reports_userspace_stdin_no_data_through_fd0 ... ok
talos::local_command_loop::tests::local_command_loop_resolves_bare_exec_name_through_fixed_bin_lookup ... ok
talos::local_command_loop::tests::local_command_loop_tracks_bounded_current_directory ... ok
talos::local_command_loop::tests::local_command_loop_waitpid_consumes_vfs_exec_lifecycle_record ... ok
talos::local_command_loop::tests::local_command_status_names_are_stable_for_transcripts ... ok
talos::memory_map::layout::tests::conservative_candidate_excludes_page_rounded_firmware_initrd_range ... ok
talos::memory_map::layout::tests::conservative_candidate_fails_when_firmware_initrd_exhausts_low_tail ... ok
talos::memory_map::layout::tests::conservative_candidate_ignores_zero_sized_reserved_memory_ranges ... ok
talos::memory_map::layout::tests::conservative_candidate_respects_reported_reservation_tail ... ok
talos::memory_map::layout::tests::conservative_candidate_respects_reported_reserved_memory_ranges ... ok
talos::memory_map::layout::tests::conservative_candidate_uses_tail_after_kernel_and_dtb ... ok
talos::memory_map::page_frames::tests::bootstrap_allocator_plan_rejects_unaligned_empty_or_unmapped_spans ... ok
talos::memory_map::page_frames::tests::bootstrap_allocator_plan_uses_remaining_low_tail_frames ... ok
talos::memory_map::page_frames::tests::bootstrap_page_reservation_carves_from_seed_start ... ok
talos::memory_map::page_frames::tests::bootstrap_page_reservation_rejects_empty_or_consumed_seed ... ok
talos::memory_map::page_frames::tests::heap_expansion_policy_rejects_non_allocator_owned_source ... ok
talos::memory_map::page_frames::tests::heap_expansion_policy_uses_allocator_owned_low_tail_and_protects_reserved_frames ... ok
talos::memory_map::page_frames::tests::page_frame_ownership_contract_excludes_kernel_dtb_reservations_stack_and_tables ... ok
talos::memory_map::page_frames::tests::page_frame_ownership_contract_names_current_low_tail_partitions ... ok
talos::memory_map::page_frames::tests::page_frame_ownership_contract_rejects_mismatched_allocator_span ... ok
talos::memory_map::page_frames::tests::page_frame_reuse_allocator_allocates_frees_and_reuses_frame ... ok
talos::memory_map::page_frames::tests::page_frame_reuse_allocator_rejects_bad_metadata_contracts ... ok
talos::memory_map::page_frames::tests::page_frame_reuse_allocator_rejects_double_free_and_out_of_range_frame ... ok
talos::memory_map::page_frames::tests::page_frame_reuse_allocator_requires_metadata_outside_managed_frames ... ok
talos::memory_map::page_frames::tests::page_frame_seed_rejects_sub_page_usable_span ... ok
talos::memory_map::page_frames::tests::page_frame_seed_uses_page_aligned_usable_span ... ok
talos::memory_map::translation::tests::data_cache_enable_plan_requires_el2_active_mmu_and_icache ... ok
talos::memory_map::translation::tests::instruction_cache_enable_plan_requires_el2_and_active_mmu ... ok
talos::memory_map::translation::tests::populate_translation_tables_writes_expected_entries_and_counts ... ok
talos::memory_map::translation::tests::translation_register_plan_rejects_non_el2_or_bad_layout ... ok
talos::memory_map::translation::tests::translation_register_plan_reports_el2_no_enable_values ... ok
talos::memory_map::translation::tests::translation_table_descriptors_encode_table_normal_and_device_entries ... ok
talos::memory_map::translation::tests::translation_table_layout_rejects_too_small_reservation ... ok
talos::memory_map::translation::tests::translation_table_layout_uses_first_bootstrap_pages ... ok
talos::memory_map::translation::tests::translation_table_population_plan_reports_minimal_descriptor_shape ... ok
talos::network::tests::arp_cache_inserts_updates_misses_and_replaces_oldest_slots ... ok
talos::network::tests::arp_cache_learns_sender_from_valid_arp_requests_and_replies ... ok
talos::network::tests::arp_cache_rejects_malformed_or_unsupported_learning_without_state_change ... ok
talos::network::tests::arp_cache_zero_capacity_reports_no_capacity_without_state ... ok
talos::network::tests::arp_parser_accepts_ethernet_ipv4_request ... ok
talos::network::tests::arp_parser_rejects_truncated_and_mismatched_shapes ... ok
talos::network::tests::cache_aware_dispatch_learns_arp_reply_without_generating_a_reply ... ok
talos::network::tests::cache_aware_dispatch_learns_arp_request_and_preserves_reply_generation ... ok
talos::network::tests::cache_aware_dispatch_preserves_icmp_echo_without_arp_learning ... ok
talos::network::tests::cache_aware_dispatch_rejects_bad_arp_without_cache_mutation ... ok
talos::network::tests::cache_aware_poll_learns_arp_reply_without_transmit ... ok
talos::network::tests::cache_aware_poll_no_frame_leaves_cache_unchanged ... ok
talos::network::tests::cache_aware_poll_transmit_error_keeps_learned_sender ... ok
talos::network::tests::cache_aware_poll_transmits_arp_reply_and_learns_sender ... ok
talos::network::tests::dispatch_builds_arp_reply_for_local_ipv4_identity ... ok
talos::network::tests::dispatch_builds_icmp_echo_reply_with_valid_ipv4_and_icmp_checksums ... ok
talos::network::tests::dispatch_rejects_bad_icmp_checksum_unsupported_ethertype_and_small_icmp_output ... ok
talos::network::tests::dispatch_rejects_malformed_ipv4_icmp_protocols_and_fragments ... ok
talos::network::tests::dispatch_rejects_nonlocal_arp_and_small_arp_output_buffer ... ok
talos::network::tests::ethernet_parser_rejects_truncated_headers ... ok
talos::network::tests::ethernet_parser_splits_header_and_payload ... ok
talos::network::tests::integrated_single_ping_arps_unresolved_route_then_records_inflight_after_icmp_transmit ... ok
talos::network::tests::integrated_single_ping_preserves_inflight_on_duplicate_and_nonmatching_replies ... ok
talos::network::tests::integrated_single_ping_preserves_state_on_start_and_pending_error_boundaries ... ok
talos::network::tests::integrated_single_ping_retries_pending_arp_with_caller_owned_budget ... ok
talos::network::tests::integrated_single_ping_starts_resolved_route_and_completes_matching_reply ... ok
talos::network::tests::integrated_single_ping_timeout_and_status_are_caller_driven ... ok
talos::network::tests::ipv4_egress_route_policy_handles_zero_and_host_mask_boundaries ... ok
talos::network::tests::ipv4_egress_route_policy_reports_no_route_without_gateway ... ok
talos::network::tests::ipv4_egress_route_policy_uses_destination_for_same_subnet_next_hop ... ok
talos::network::tests::ipv4_egress_route_policy_uses_gateway_for_off_subnet_destination ... ok
talos::network::tests::ipv4_parser_accepts_header_and_payload ... ok
talos::network::tests::ipv4_parser_accepts_options_when_total_length_matches ... ok
talos::network::tests::ipv4_parser_rejects_malformed_headers ... ok
talos::network::tests::network_device_trait_moves_raw_frames_without_parsing ... ok
talos::network::tests::network_ping_descriptor_lifecycle_completes_unresolved_arp_to_echo_reply ... ok
talos::network::tests::network_ping_descriptor_maps_invalid_closed_capacity_and_busy_edges ... ok
talos::network::tests::network_ping_descriptor_maps_retry_timeout_and_io_errors ... ok
talos::network::tests::network_runtime_device_pump_advances_active_ping_from_arp_to_completed_status ... ok
talos::network::tests::network_runtime_device_pump_preserves_retry_timeout_and_terminal_observation ... ok
talos::network::tests::network_runtime_device_pump_prioritizes_local_reply_over_active_operation ... ok
talos::network::tests::network_runtime_device_pump_reports_local_and_active_transmit_errors ... ok
talos::network::tests::network_runtime_device_pump_reports_no_frame_receive_pressure_and_receive_error ... ok
talos::network::tests::network_runtime_device_pump_reports_nonlocal_no_reply_without_active_operation ... ok
talos::network::tests::network_runtime_device_pump_transmits_local_arp_reply_from_caller_buffers ... ok
talos::network::tests::network_runtime_device_pump_transmits_local_icmp_echo_reply_from_caller_buffers ... ok
talos::network::tests::outbound_arp_request_builds_complete_broadcast_request_frame ... ok
talos::network::tests::outbound_arp_request_composes_with_unresolved_neighbor_resolution_without_cache_mutation ... ok
talos::network::tests::outbound_arp_request_rejects_too_small_output_without_partial_frame ... ok
talos::network::tests::outbound_frame_construction_composes_with_cached_neighbor_resolution ... ok
talos::network::tests::outbound_frame_construction_rejects_too_small_output_without_partial_frame ... ok
talos::network::tests::outbound_frame_construction_rejects_unresolved_neighbor_without_side_effects ... ok
talos::network::tests::outbound_frame_construction_writes_resolved_neighbor_frame ... ok
talos::network::tests::outbound_ipv4_icmp_echo_request_builds_complete_resolved_neighbor_frame ... ok
talos::network::tests::outbound_ipv4_icmp_echo_request_composes_with_cached_resolution ... ok
talos::network::tests::outbound_ipv4_icmp_echo_request_rejects_payloads_too_large_for_ipv4 ... ok
talos::network::tests::outbound_ipv4_icmp_echo_request_rejects_small_output_without_partial_frame ... ok
talos::network::tests::outbound_ipv4_icmp_echo_request_rejects_unresolved_neighbor_without_side_effects ... ok
talos::network::tests::outbound_neighbor_resolution_returns_cached_mac_for_known_destination ... ok
talos::network::tests::outbound_neighbor_resolution_returns_destination_on_miss ... ok
talos::network::tests::outbound_neighbor_resolution_uses_updated_cache_entries ... ok
talos::network::tests::outbound_neighbor_resolution_zero_capacity_cache_is_deterministic_miss ... ok
talos::network::tests::outbound_one_shot_does_not_transmit_when_request_building_fails ... ok
talos::network::tests::outbound_one_shot_reports_transmit_error_after_successful_build ... ok
talos::network::tests::outbound_one_shot_transmits_arp_request_once_for_unresolved_neighbor ... ok
talos::network::tests::outbound_one_shot_transmits_icmp_request_once_for_resolved_neighbor ... ok
talos::network::tests::outbound_request_selection_builds_arp_for_unresolved_neighbor_without_cache_mutation ... ok
talos::network::tests::outbound_request_selection_builds_icmp_for_resolved_neighbor_without_cache_mutation ... ok
talos::network::tests::outbound_request_selection_rejects_resolved_buffer_pressure_without_partial_frame ... ok
talos::network::tests::outbound_request_selection_rejects_resolved_payloads_too_large_for_ipv4 ... ok
talos::network::tests::outbound_request_selection_rejects_unresolved_buffer_pressure_without_partial_frame ... ok
talos::network::tests::packet_queue_driver_pump_drains_outbound_before_polling_receive_fifo ... ok
talos::network::tests::packet_queue_driver_pump_reports_backpressure_and_device_errors_deterministically ... ok
talos::network::tests::pending_arp_reply_poll_advances_gateway_pending_to_single_icmp_transmit ... ok
talos::network::tests::pending_arp_reply_poll_distinguishes_no_pending_no_frame_and_receive_errors ... ok
talos::network::tests::pending_arp_reply_poll_preserves_pending_on_nonmatch_malformed_pressure_and_transmit_error ... ok
talos::network::tests::poll_step_distinguishes_no_reply_dispatch_and_transmit_errors ... ok
talos::network::tests::poll_step_distinguishes_receive_boundaries ... ok
talos::network::tests::poll_step_transmits_arp_reply_from_caller_owned_buffers ... ok
talos::network::tests::poll_step_transmits_icmp_echo_reply_from_caller_owned_buffers ... ok
talos::network::tests::qemu_substitute_single_ping_transaction_smoke_covers_lifecycle_and_retry_timeout ... ok
talos::network::tests::received_frame_keeps_device_movement_separate_from_protocol_parse ... ok
talos::network::tests::routed_outbound_selection_arps_for_unresolved_gateway_next_hop ... ok
talos::network::tests::routed_outbound_selection_reports_no_route_before_touching_output ... ok
talos::network::tests::routed_outbound_selection_resolves_gateway_mac_without_mutating_cache ... ok
talos::network::tests::routed_outbound_selection_wraps_frame_errors_without_cache_mutation ... ok
talos::network::tests::routed_single_pending_icmp_gateway_route_arps_gateway_and_transmits_to_final_destination ... ok
talos::network::tests::routed_single_pending_icmp_preserves_gateway_pending_on_nonmatching_arp ... ok
talos::network::tests::routed_single_pending_icmp_reports_no_route_without_pending_or_transmit ... ok
talos::network::tests::routed_single_pending_icmp_same_subnet_unresolved_arps_destination ... ok
talos::network::tests::single_inflight_icmp_echo_reply_observation_rejects_nonmatching_reply_fields ... ok
talos::network::tests::single_inflight_icmp_echo_reply_observation_reports_malformed_and_payload_pressure ... ok
talos::network::tests::single_inflight_icmp_echo_reply_poll_distinguishes_empty_and_receive_errors ... ok
talos::network::tests::single_inflight_icmp_echo_reply_poll_matches_and_clears_request ... ok
talos::network::tests::single_pending_arp_retry_reemits_stored_gateway_next_hop_and_decrements_budget ... ok
talos::network::tests::single_pending_arp_retry_reports_budget_exhaustion_without_clearing_pending ... ok
talos::network::tests::single_pending_arp_retry_reports_no_pending_buffer_pressure_and_transmit_error_boundaries ... ok
talos::network::tests::single_pending_icmp_can_advance_from_existing_cache_resolution ... ok
talos::network::tests::single_pending_icmp_matching_arp_reply_transmits_icmp_and_clears_pending ... ok
talos::network::tests::single_pending_icmp_reports_backpressure_without_replacing_pending_request ... ok
talos::network::tests::single_pending_icmp_reports_malformed_arp_and_transmit_errors_without_clearing_pending ... ok
talos::network::tests::single_pending_icmp_reports_no_pending_unresolved_and_nonmatching_arp_boundaries ... ok
talos::network::tests::single_pending_icmp_reports_payload_and_output_pressure_without_state_change ... ok
talos::network::tests::single_pending_icmp_unresolved_neighbor_transmits_arp_and_records_request ... ok
talos::network::tests::single_ping_packet_service_owns_one_transaction_lifecycle ... ok
talos::network::tests::single_ping_packet_service_preserves_state_across_edge_cases ... ok
talos::network::tests::userspace_ping_operation_completes_unresolved_arp_to_echo_reply ... ok
talos::network::tests::userspace_ping_operation_maps_busy_retry_timeout_and_io_errors ... ok
talos::posix::tests::absolute_dot_dot_clamps_above_root ... ok
talos::posix::tests::component_count_limit_maps_to_enametoolong ... ok
talos::posix::tests::component_longer_than_limit_maps_to_enametoolong ... ok
talos::posix::tests::copy_from_user_reads_complete_valid_range ... ok
talos::posix::tests::copy_to_user_writes_complete_valid_range ... ok
talos::posix::tests::copy_user_rejects_backing_storage_gaps_as_efault ... ok
talos::posix::tests::copy_user_rejects_invalid_user_ranges_as_efault ... ok
talos::posix::tests::copy_user_rejects_short_kernel_buffers_as_einval_without_side_effects ... ok
talos::posix::tests::copy_user_rejects_unmapped_no_access_and_permission_mismatch_as_efault ... ok
talos::posix::tests::copy_user_zero_length_succeeds_without_dereferencing_user_start ... ok
talos::posix::tests::default_limits_cover_normal_contract_paths ... ok
talos::posix::tests::descriptor_access_mismatch_maps_to_ebadf ... ok
talos::posix::tests::descriptor_allocate_at_rejects_invalid_or_occupied_target ... ok
talos::posix::tests::descriptor_allocate_uses_lowest_available_slot ... ok
talos::posix::tests::descriptor_dup_preserves_object_reference_and_separate_lifetime ... ok
talos::posix::tests::descriptor_flags_accept_known_bits_and_reject_unknown_bits ... ok
talos::posix::tests::descriptor_full_table_maps_allocate_and_dup_to_emfile ... ok
talos::posix::tests::descriptor_get_close_and_double_close_use_ebadf ... ok
talos::posix::tests::descriptor_object_kind_names_cover_reserved_future_kinds ... ok
talos::posix::tests::descriptor_reserved_operation_errors_are_deterministic ... ok
talos::posix::tests::dot_path_is_relative_current_directory ... ok
talos::posix::tests::embedded_nul_maps_to_einval ... ok
talos::posix::tests::empty_path_maps_to_enoent ... ok
talos::posix::tests::inherited_stdio_populates_process_local_reserved_descriptors ... ok
talos::posix::tests::inherited_stdio_requires_room_for_descriptors_zero_one_and_two ... ok
talos::posix::tests::path_longer_than_limit_maps_to_enametoolong ... ok
talos::posix::tests::posix_error_names_match_baseline_contract ... ok
talos::posix::tests::process_descriptor_close_failures_map_to_ebadf ... ok
talos::posix::tests::process_descriptor_close_reuses_lowest_slot_and_preserves_duplicates ... ok
talos::posix::tests::process_descriptor_close_stderr_follows_table_local_rule ... ok
talos::posix::tests::process_descriptor_close_stdout_blocks_descriptor_write_lookup ... ok
talos::posix::tests::process_descriptor_dup_failures_map_to_ebadf_or_emfile ... ok
talos::posix::tests::process_descriptor_lookup_failures_map_to_ebadf ... ok
talos::posix::tests::process_descriptor_owner_initializes_inherited_stdio_for_owner ... ok
talos::posix::tests::process_descriptor_store_dups_current_owner_descriptors ... ok
talos::posix::tests::process_descriptor_store_preserves_owner_and_table_errors ... ok
talos::posix::tests::process_descriptor_store_resolves_current_owner_table ... ok
talos::posix::tests::relative_current_directory_with_trailing_slash_requires_directory ... ok
talos::posix::tests::relative_dot_dot_cancels_previous_normal_component ... ok
talos::posix::tests::relative_leading_dot_dot_components_are_retained ... ok
talos::posix::tests::repeated_separators_and_dot_components_are_removed ... ok
talos::posix::tests::root_path_has_no_components ... ok
talos::posix::tests::storage_capacity_limit_maps_to_enametoolong ... ok
talos::posix::tests::trailing_slash_requires_directory_for_non_root_path ... ok
talos::posix::tests::user_access_accepts_contiguous_readable_ranges ... ok
talos::posix::tests::user_access_rejects_unmapped_and_guard_gaps_as_efault ... ok
talos::posix::tests::user_access_requires_matching_read_write_and_execute_permissions ... ok
talos::posix::tests::user_mapping_rejects_zero_length_and_null_guard_overlap ... ok
talos::posix::tests::user_range_rejects_null_guard_and_kernel_addresses_for_nonempty_ranges_as_efault ... ok
talos::posix::tests::user_range_rejects_wraparound_and_length_limit_as_efault ... ok
talos::process_address_space::tests::installs_process_address_space_with_preserved_permissions_and_leases ... ok
talos::process_address_space::tests::installs_readonly_data_pages_without_widening_permissions ... ok
talos::process_address_space::tests::rejects_bad_install_plan_before_leasing ... ok
talos::process_address_space::tests::rejects_null_guard_or_kernel_split_without_leasing ... ok
talos::process_address_space::tests::rejects_overlap_and_permission_widening_without_leasing ... ok
talos::process_address_space::tests::rolls_back_root_table_user_frame_mapping_and_copy_zero_failures ... ok
talos::process_address_space::tests::teardown_releases_owned_leases_in_order_and_is_idempotent ... ok
talos::process_install::tests::accepts_loader_readonly_data_segment_without_widening_permissions ... ok
talos::process_install::tests::derives_metadata_only_install_plan_from_fixture ... ok
talos::process_install::tests::rejects_bad_entry_without_partial_install ... ok
talos::process_install::tests::rejects_budget_overflow_without_partial_install ... ok
talos::process_install::tests::rejects_missing_segment_slot_without_partial_install ... ok
talos::process_install::tests::rejects_overlapping_pages_without_partial_install ... ok
talos::process_install::tests::rejects_permission_widening_without_partial_install ... ok
talos::process_install::tests::rejects_source_range_overflow_without_partial_install ... ok
talos::process_page_table_materialization::tests::materializes_descriptor_image_with_preserved_permissions ... ok
talos::process_page_table_materialization::tests::materializes_readonly_data_descriptors_as_el0_read_only_non_executable ... ok
talos::process_page_table_materialization::tests::rejects_activation_request_before_leasing ... ok
talos::process_page_table_materialization::tests::rejects_bad_address_space_or_install_mismatch_before_leasing ... ok
talos::process_page_table_materialization::tests::rejects_unsupported_multiple_l2_topology_without_leasing ... ok
talos::process_page_table_materialization::tests::rolls_back_resource_exhaustion_and_population_failures ... ok
talos::process_page_table_materialization::tests::teardown_clears_descriptors_and_releases_leases_once ... ok
talos::program_loader::tests::phase8_init_fixture_produces_image_plan_only ... ok
talos::program_loader::tests::phase8_init_loader_reports_vfs_source_errors ... ok
talos::program_loader::tests::rejects_bad_entry_outside_executable_text ... ok
talos::program_loader::tests::rejects_bad_magic_before_plan ... ok
talos::program_loader::tests::rejects_dynamic_interpreter_program_header ... ok
talos::program_loader::tests::rejects_file_range_overflow_without_partial_plan ... ok
talos::program_loader::tests::rejects_malformed_program_header_range ... ok
talos::program_loader::tests::rejects_out_of_user_range_segment ... ok
talos::program_loader::tests::rejects_rounded_segment_overlap ... ok
talos::program_loader::tests::rejects_unsupported_type_and_machine ... ok
talos::program_loader::tests::rejects_writable_executable_segment ... ok
talos::rp1_ethernet::tests::rp1_ethernet_bcm54213pe_autoneg_convergence_core_rejects_drift ... ok
talos::rp1_ethernet::tests::rp1_ethernet_bcm54213pe_autoneg_convergence_core_shapes_candidate_and_control ... ok
talos::rp1_ethernet::tests::rp1_ethernet_bcm54213pe_bmcr_autoneg_restart_core_rejects_drift ... ok
talos::rp1_ethernet::tests::rp1_ethernet_bcm54213pe_bmcr_autoneg_restart_core_shapes_candidate_and_control ... ok
talos::rp1_ethernet::tests::rp1_ethernet_bcm54213pe_boot_transport_sentinel_core_is_no_ethernet_no_mdio ... ok
talos::rp1_ethernet::tests::rp1_ethernet_bcm54213pe_boot_transport_sentinel_core_rejects_target_facts ... ok
talos::rp1_ethernet::tests::rp1_ethernet_bcm54213pe_master_mode_autoneg_source_contract_rejects_drift ... ok
talos::rp1_ethernet::tests::rp1_ethernet_bcm54213pe_master_mode_autoneg_source_contract_shapes_candidate_and_control ... ok
talos::rp1_ethernet::tests::rp1_ethernet_bcm54213pe_master_mode_source_contract_rejects_drift ... ok
talos::rp1_ethernet::tests::rp1_ethernet_bcm54213pe_master_mode_source_contract_shapes_candidate_and_control ... ok
talos::rp1_ethernet::tests::rp1_ethernet_bcm54213pe_readonly_preflight_formats_candidate_report ... ok
talos::rp1_ethernet::tests::rp1_ethernet_bcm54213pe_readonly_preflight_formats_paired_control ... ok
talos::rp1_ethernet::tests::rp1_ethernet_bcm54213pe_readonly_preflight_hw_proof_core_shapes_candidate_and_control ... ok
talos::rp1_ethernet::tests::rp1_ethernet_bcm54213pe_readonly_preflight_rejects_shape_and_overclaims ... ok
talos::rp1_ethernet::tests::rp1_ethernet_bcm54213pe_readonly_preflight_v2_core_adds_freshness_markers ... ok
talos::rp1_ethernet::tests::rp1_ethernet_bcm54213pe_readonly_preflight_v2_core_rejects_drift ... ok
talos::rp1_ethernet::tests::rp1_ethernet_bcm54213pe_rgmii_delay_core_rejects_drift ... ok
talos::rp1_ethernet::tests::rp1_ethernet_bcm54213pe_rgmii_delay_core_shapes_candidate_and_control ... ok
talos::rp1_ethernet::tests::rp1_ethernet_bcm54213pe_tx_selected_read_discriminator_core_rejects_drift ... ok
talos::rp1_ethernet::tests::rp1_ethernet_bcm54213pe_tx_selected_read_discriminator_core_shapes_candidate_and_control ... ok
talos::rp1_ethernet::tests::rp1_ethernet_bootinfo_report_serial_visibility_core_rejects_marker_and_claim_drift ... ok
talos::rp1_ethernet::tests::rp1_ethernet_bootinfo_report_serial_visibility_core_shapes_dual_stage_markers ... ok
talos::rp1_ethernet::tests::rp1_ethernet_clk_eth_ctrl_write_restore_formats_candidate_report ... ok
talos::rp1_ethernet::tests::rp1_ethernet_clk_eth_ctrl_write_restore_formats_paired_control ... ok
talos::rp1_ethernet::tests::rp1_ethernet_clk_eth_ctrl_write_restore_rejects_shape_and_overclaims ... ok
talos::rp1_ethernet::tests::rp1_ethernet_clock_reset_guard_formats_candidate_report ... ok
talos::rp1_ethernet::tests::rp1_ethernet_clock_reset_guard_formats_paired_control ... ok
talos::rp1_ethernet::tests::rp1_ethernet_clock_reset_guard_rejects_overclaims ... ok
talos::rp1_ethernet::tests::rp1_ethernet_clock_reset_guard_rejects_shape_bypass ... ok
talos::rp1_ethernet::tests::rp1_ethernet_clock_reset_write_restore_formats_candidate_report ... ok
talos::rp1_ethernet::tests::rp1_ethernet_clock_reset_write_restore_formats_paired_control ... ok
talos::rp1_ethernet::tests::rp1_ethernet_clock_reset_write_restore_rejects_forbidden_claims ... ok
talos::rp1_ethernet::tests::rp1_ethernet_clock_reset_write_restore_rejects_shape_bypass ... ok
talos::rp1_ethernet::tests::rp1_ethernet_gem_mid_decode_discriminator_formats_candidate_shape ... ok
talos::rp1_ethernet::tests::rp1_ethernet_gem_mid_decode_discriminator_formats_no_mmio_no_ethernet_control ... ok
talos::rp1_ethernet::tests::rp1_ethernet_gem_mid_decode_discriminator_rejects_overclaims ... ok
talos::rp1_ethernet::tests::rp1_ethernet_gem_mid_decode_discriminator_rejects_shape_bypass ... ok
talos::rp1_ethernet::tests::rp1_ethernet_gem_mid_report_formats_candidate_contract ... ok
talos::rp1_ethernet::tests::rp1_ethernet_gem_mid_report_formats_no_mmio_control ... ok
talos::rp1_ethernet::tests::rp1_ethernet_gem_mid_report_rejects_overclaims ... ok
talos::rp1_ethernet::tests::rp1_ethernet_gem_mid_report_rejects_shape_and_contract_bypass ... ok
talos::rp1_ethernet::tests::rp1_ethernet_gpio32_event_clear_guard_formats_candidate_report ... ok
talos::rp1_ethernet::tests::rp1_ethernet_gpio32_event_clear_guard_formats_paired_control ... ok
talos::rp1_ethernet::tests::rp1_ethernet_gpio32_event_clear_guard_rejects_shape_and_overclaims ... ok
talos::rp1_ethernet::tests::rp1_ethernet_gpio32_event_state_formats_candidate_report ... ok
talos::rp1_ethernet::tests::rp1_ethernet_gpio32_event_state_formats_control_and_source_unresolved ... ok
talos::rp1_ethernet::tests::rp1_ethernet_gpio32_event_state_rejects_shape_and_overclaims ... ok
talos::rp1_ethernet::tests::rp1_ethernet_gpio32_phy_reset_preflight_formats_candidate_report ... ok
talos::rp1_ethernet::tests::rp1_ethernet_gpio32_phy_reset_preflight_formats_paired_control ... ok
talos::rp1_ethernet::tests::rp1_ethernet_gpio32_phy_reset_preflight_rejects_shape_and_overclaims ... ok
talos::rp1_ethernet::tests::rp1_ethernet_gpio32_phy_reset_write_restore_guard_formats_candidate_report ... ok
talos::rp1_ethernet::tests::rp1_ethernet_gpio32_phy_reset_write_restore_guard_formats_control_and_blocked ... ok
talos::rp1_ethernet::tests::rp1_ethernet_gpio32_phy_reset_write_restore_guard_rejects_shape_and_overclaims ... ok
talos::rp1_ethernet::tests::rp1_ethernet_kernel_entry_serial_beacon_core_is_earliest_no_ethernet_beacon ... ok
talos::rp1_ethernet::tests::rp1_ethernet_kernel_entry_serial_beacon_core_rejects_broader_claims ... ok
talos::rp1_ethernet::tests::rp1_ethernet_mdio_mpe_enable_guard_formats_candidate_report ... ok
talos::rp1_ethernet::tests::rp1_ethernet_mdio_mpe_enable_guard_formats_paired_control ... ok
talos::rp1_ethernet::tests::rp1_ethernet_mdio_mpe_enable_guard_rejects_shape_and_overclaims ... ok
talos::rp1_ethernet::tests::rp1_ethernet_mdio_phy_id_after_mpe_guard_formats_candidate_report ... ok
talos::rp1_ethernet::tests::rp1_ethernet_mdio_phy_id_after_mpe_guard_formats_paired_control ... ok
talos::rp1_ethernet::tests::rp1_ethernet_mdio_phy_id_after_mpe_guard_rejects_shape_and_overclaims ... ok
talos::rp1_ethernet::tests::rp1_ethernet_mdio_phy_id_guard_formats_candidate_report ... ok
talos::rp1_ethernet::tests::rp1_ethernet_mdio_phy_id_guard_formats_paired_control ... ok
talos::rp1_ethernet::tests::rp1_ethernet_mdio_phy_id_guard_rejects_shape_and_overclaims ... ok
talos::rp1_ethernet::tests::rp1_ethernet_mdio_register_vector_guard_formats_candidate_report ... ok
talos::rp1_ethernet::tests::rp1_ethernet_mdio_register_vector_guard_formats_paired_control ... ok
talos::rp1_ethernet::tests::rp1_ethernet_mdio_register_vector_guard_rejects_shape_and_overclaims ... ok
talos::rp1_ethernet::tests::rp1_ethernet_observed_window_discriminator_formats_candidate_shape ... ok
talos::rp1_ethernet::tests::rp1_ethernet_observed_window_discriminator_formats_no_mmio_no_ethernet_control ... ok
talos::rp1_ethernet::tests::rp1_ethernet_observed_window_discriminator_rejects_overclaims ... ok
talos::rp1_ethernet::tests::rp1_ethernet_observed_window_discriminator_rejects_shape_bypass ... ok
talos::rp1_ethernet::tests::rp1_ethernet_phy1_gigabit_preflight_decodes_selected_registers ... ok
talos::rp1_ethernet::tests::rp1_ethernet_phy1_status_decodes_accepted_v4_vector ... ok
talos::rp1_ethernet::tests::rp1_ethernet_prereq_ownership_formats_candidate_report ... ok
talos::rp1_ethernet::tests::rp1_ethernet_prereq_ownership_formats_paired_control ... ok
talos::rp1_ethernet::tests::rp1_ethernet_prereq_ownership_rejects_overclaims ... ok
talos::rp1_ethernet::tests::rp1_ethernet_prereq_ownership_rejects_shape_bypass ... ok
talos::runtime_console::tests::default_console_input_names_unavailable_and_backend_error_outcomes ... ok
talos::runtime_console::tests::default_console_input_reports_byte_and_no_data_outcomes ... ok
talos::runtime_console::tests::default_console_output_uses_named_runtime_console_boundary ... ok
talos::runtime_console::tests::runtime_console_names_the_default_kernel_console ... ok
talos::runtime_console::tests::runtime_console_reports_backend_write_failure ... ok
talos::runtime_console::tests::runtime_console_routes_formatted_kernel_text_to_backend ... ok
talos::runtime_console::tests::runtime_console_routes_static_kernel_text_to_backend ... ok
talos::runtime_console::tests::runtime_console_routes_user_bytes_to_backend ... ok
talos::scheduler::tests::context_frame_bootstrap_records_thread_entry_and_argument ... ok
talos::scheduler::tests::context_frame_layout_matches_aarch64_switch_offsets ... ok
talos::scheduler::tests::cpu_local_preemption_cycle_keeps_pending_request_after_no_runnable_error ... ok
talos::scheduler::tests::cpu_local_preemption_cycle_rejects_mismatched_current_task_before_service ... ok
talos::scheduler::tests::cpu_local_preemption_cycle_rejects_wrong_owner_before_queue_mutation ... ok
talos::scheduler::tests::cpu_local_preemption_cycle_services_owner_local_pending_request ... ok
talos::scheduler::tests::cpu_local_scheduler_service_drains_wakes_dispatches_and_refreshes_metadata ... ok
talos::scheduler::tests::cpu_local_scheduler_service_handles_timer_preemption_before_metadata_refresh ... ok
talos::scheduler::tests::cpu_local_scheduler_service_preserves_explicit_error_boundaries ... ok
talos::scheduler::tests::kernel_stack_records_bounds_without_owning_process_resources ... ok
talos::scheduler::tests::kernel_thread_starts_runnable_without_process_owner ... ok
talos::scheduler::tests::load_balancing_policy_rejects_destination_backpressure_before_publication ... ok
talos::scheduler::tests::load_balancing_policy_rejects_invalid_destination_role_and_cpu_id ... ok
talos::scheduler::tests::load_balancing_policy_rejects_shared_backpressure_and_preserves_single_owner_queue ... ok
talos::scheduler::tests::load_balancing_policy_rejects_stale_plan_without_source_queue_mutation ... ok
talos::scheduler::tests::load_balancing_policy_selects_front_candidate_and_publishes_shared_handoff ... ok
talos::scheduler::tests::logical_cpu_id_preserves_cpu_local_owner_identity ... ok
talos::scheduler::tests::make_runnable_rejects_full_queue_without_mutating_task_or_counters ... ok
talos::scheduler::tests::per_core_preemption_state_records_only_local_timer_requests ... ok
talos::scheduler::tests::per_core_scheduler_keeps_secondary_dispatch_deferred ... ok
talos::scheduler::tests::per_core_scheduler_local_queue_keeps_single_core_invariants ... ok
talos::scheduler::tests::per_core_scheduler_records_boot_cpu_owner_and_current_task ... ok
talos::scheduler::tests::per_core_scheduler_rejects_cross_owner_queue_mutation ... ok
talos::scheduler::tests::preemption_state_defers_service_while_disabled_and_balances_nested_sections ... ok
talos::scheduler::tests::process_owner_is_explicit_future_extension_point ... ok
talos::scheduler::tests::production_scheduler_runtime_records_timer_irq_without_scheduler_mutation ... ok
talos::scheduler::tests::production_scheduler_runtime_rejects_unowned_or_deferred_timer_irq_recording ... ok
talos::scheduler::tests::production_scheduler_runtime_services_pending_preemption_owner_locally ... ok
talos::scheduler::tests::production_secondary_diagnostic_dispatches_only_local_runnable_task ... ok
talos::scheduler::tests::production_secondary_diagnostic_rejects_cross_owner_dispatch ... ok
talos::scheduler::tests::production_secondary_diagnostic_rejects_mismatched_or_nonrunnable_task ... ok
talos::scheduler::tests::remote_wake_queue_coalesces_duplicate_task_requests ... ok
talos::scheduler::tests::remote_wake_queue_rejects_overflow_and_cross_owner_consumption ... ok
talos::scheduler::tests::remote_wake_queue_rejects_self_and_wrong_target_publication ... ok
talos::scheduler::tests::runnable_queue_dequeues_in_fifo_order_and_resets_when_empty ... ok
talos::scheduler::tests::runnable_queue_removes_middle_and_preserves_fifo_order ... ok
talos::scheduler::tests::runnable_queue_removes_wrapped_entry_and_keeps_tail_reusable ... ok
talos::scheduler::tests::runnable_queue_wraps_tail_and_rejects_overflow ... ok
talos::scheduler::tests::scheduler_tracks_state_transition_when_making_task_runnable ... ok
talos::scheduler::tests::secondary_scheduler_service_loop_consumes_remote_wake_without_dispatch ... ok
talos::scheduler::tests::secondary_scheduler_service_loop_dispatches_local_runnable_task ... ok
talos::scheduler::tests::secondary_scheduler_service_loop_handles_timer_preemption_before_dispatch ... ok
talos::scheduler::tests::secondary_scheduler_service_loop_rejects_deferred_secondary_role ... ok
talos::scheduler::tests::secondary_scheduler_service_loop_rejects_wrong_owner_before_consuming_wake ... ok
talos::scheduler::tests::secondary_scheduler_service_loop_reports_no_work_after_metadata_refresh ... ok
talos::scheduler::tests::shared_run_queue_destination_consumes_and_updates_metadata_owner ... ok
talos::scheduler::tests::shared_run_queue_lock_wraps_only_shared_handoff_queue ... ok
talos::scheduler::tests::shared_run_queue_publishes_migration_without_cross_owner_local_enqueue ... ok
talos::scheduler::tests::shared_run_queue_rejects_deferred_destination_and_duplicate_local_enqueue ... ok
talos::scheduler::tests::shared_run_queue_rejects_running_blocked_duplicate_and_full_cases ... ok
talos::scheduler::tests::shared_run_queue_rejects_stale_generation_without_source_queue_mutation ... ok
talos::scheduler::tests::shared_scheduler_metadata_lock_protects_metadata_table_only ... ok
talos::scheduler::tests::shared_scheduler_metadata_refresh_tracks_owner_local_membership ... ok
talos::scheduler::tests::shared_scheduler_metadata_registers_local_task_snapshot ... ok
talos::scheduler::tests::shared_scheduler_metadata_rejects_cross_owner_publication_without_queue_mutation ... ok
talos::scheduler::tests::shared_scheduler_metadata_rejects_duplicate_and_unknown_tasks ... ok
talos::scheduler::tests::shared_scheduler_metadata_rejects_invalid_owner_and_task_id_zero ... ok
talos::scheduler::tests::target_owned_wake_consumption_makes_only_local_blocked_task_runnable ... ok
talos::scheduler::tests::target_owned_wake_consumption_rejects_cross_owner_and_nonlocal_tasks ... ok
talos::scheduler::tests::target_owned_wake_consumption_rejects_duplicate_local_enqueue ... ok
talos::scheduler::tests::task_can_be_marked_running_without_context_switch_implementation ... ok
talos::scheduler::tests::task_id_rejects_zero_and_preserves_scheduler_local_value ... ok
talos::scheduler::tests::timer_preempt_allows_one_slot_queue_by_dequeuing_before_requeue ... ok
talos::scheduler::tests::timer_preempt_requeues_current_without_counting_voluntary_yield ... ok
talos::scheduler::tests::voluntary_yield_allows_one_slot_queue_by_dequeuing_before_requeue ... ok
talos::scheduler::tests::voluntary_yield_rejects_non_running_or_empty_dispatch ... ok
talos::scheduler::tests::voluntary_yield_requeues_current_and_counts_dispatch_switch ... ok
talos::smoke_test_runs ... ok
talos::smp::tests::controlled_workload_records_progress_and_completion ... ok
talos::smp::tests::core_lifecycle_names_match_bringup_contract ... ok
talos::smp::tests::per_core_state_records_identity_stack_and_handoff ... ok
talos::smp::tests::pi5_mpidr_affinity_maps_four_cortex_a76_cores ... ok
talos::smp::tests::republish_identity_refreshes_identity_without_resetting_progress ... ok
talos::smp::tests::stack_layout_gives_each_possible_core_a_distinct_slot ... ok
talos::smp_sync::tests::irqsave_lock_composes_mask_before_guard_and_restores_on_drop ... ok
talos::smp_sync::tests::smp_full_barrier_is_callable_from_tests ... ok
talos::smp_sync::tests::spin_lock_guard_mutates_and_releases_on_drop ... ok
talos::smp_sync::tests::spin_lock_is_non_recursive_by_policy ... ok
talos::smp_sync::tests::spin_lock_starts_unlocked_and_try_lock_sets_state ... ok
talos::syscall::tests::copy_probe_dispatch_reports_fault_for_unmapped_user_range ... ok
talos::syscall::tests::copy_probe_dispatch_uses_explicit_mapping_and_backing_storage ... ok
talos::syscall::tests::copy_probe_number_is_unknown_outside_proof_dispatch ... ok
talos::syscall::tests::descriptor_close_number_requires_context_in_scalar_dispatch ... ok
talos::syscall::tests::descriptor_dup_number_requires_context_in_scalar_dispatch ... ok
talos::syscall::tests::descriptor_open_number_requires_initramfs_context_in_scalar_dispatch ... ok
talos::syscall::tests::descriptor_read_number_requires_context_in_scalar_dispatch ... ok
talos::syscall::tests::descriptor_shaped_ping_control_completes_single_runtime_pump_lifecycle ... ok
talos::syscall::tests::descriptor_shaped_ping_control_maps_caller_receive_buffer_pressure_to_enospc ... ok
talos::syscall::tests::descriptor_shaped_ping_control_maps_descriptor_capacity_retry_timeout_and_io_errors ... ok
talos::syscall::tests::descriptor_write_dispatch_preserves_scalar_syscall_regressions ... ok
talos::syscall::tests::descriptor_write_number_requires_context_in_scalar_dispatch ... ok
talos::syscall::tests::ping_operation_syscall_substitute_completes_unresolved_arp_to_echo_reply ... ok
talos::syscall::tests::ping_operation_syscall_substitute_maps_descriptor_and_device_errors ... ok
talos::syscall::tests::posix_error_vocabulary_encodes_as_negative_errno_x0_values ... ok
talos::syscall::tests::process_local_ping_descriptor_control_completes_lifecycle_through_process_descriptor ... ok
talos::syscall::tests::process_local_ping_descriptor_control_maps_capacity_busy_closed_retry_timeout_and_io_errors ... ok
talos::syscall::tests::process_local_ping_dispatch_completes_lifecycle_through_dispatch_shape ... ok
talos::syscall::tests::process_local_ping_dispatch_maps_descriptor_capacity_and_runtime_errors ... ok
talos::syscall::tests::process_local_ping_user_arguments_complete_lifecycle_and_copy_outputs ... ok
talos::syscall::tests::process_local_ping_user_arguments_reject_malformed_owner_descriptor_capacity_and_buffers ... ok
talos::syscall::tests::runtime_ping_syscall_substitute_completes_unresolved_arp_to_echo_reply_through_runtime_pump ... ok
talos::syscall::tests::runtime_ping_syscall_substitute_keeps_local_responder_working_with_open_descriptor ... ok
talos::syscall::tests::runtime_ping_syscall_substitute_maps_descriptor_capacity_timeout_and_device_errors ... ok
talos::syscall::tests::scalar_argument_view_preserves_x0_through_x5_values ... ok
talos::syscall::tests::socket_number_requires_socket_table_context_in_scalar_dispatch ... ok
talos::syscall::tests::stable_svc_immediate_is_zero_and_diagnostic_marker_is_not_stable ... ok
talos::syscall::tests::syscall_number_zero_dispatches_to_talos_nop_success ... ok
talos::syscall::tests::talos_close_failures_are_deterministic_and_do_not_mutate_on_einval ... ok
talos::syscall::tests::talos_close_preserves_duplicate_descriptor_lifetime ... ok
talos::syscall::tests::talos_close_stderr_uses_the_same_table_local_rule ... ok
talos::syscall::tests::talos_close_stdout_blocks_later_process_descriptor_write ... ok
talos::syscall::tests::talos_dup_duplicate_remains_writable_after_source_close ... ok
talos::syscall::tests::talos_dup_failures_are_deterministic_and_do_not_mutate_on_einval ... ok
talos::syscall::tests::talos_dup_full_table_returns_emfile_without_mutation ... ok
talos::syscall::tests::talos_dup_stderr_and_stdin_follow_table_local_descriptor_rules ... ok
talos::syscall::tests::talos_dup_stdout_returns_lowest_free_descriptor_and_preserves_source ... ok
talos::syscall::tests::talos_open_initramfs_errors_do_not_allocate_descriptors_or_files ... ok
talos::syscall::tests::talos_open_initramfs_then_read_exposes_regular_file_contents ... ok
talos::syscall::tests::talos_read_copy_faults_do_not_consume_fixed_input ... ok
talos::syscall::tests::talos_read_duplicate_of_stdin_shares_fixed_input_cursor ... ok
talos::syscall::tests::talos_read_fd_errors_do_not_copy_or_consume_input ... ok
talos::syscall::tests::talos_read_initramfs_errors_preserve_file_offset_and_user_memory ... ok
talos::syscall::tests::talos_read_reports_enotsup_for_non_stdin_readable_objects_or_missing_source ... ok
talos::syscall::tests::talos_read_reserved_registers_reject_without_mutation ... ok
talos::syscall::tests::talos_read_short_count_and_eof_are_bounded_to_fixed_input ... ok
talos::syscall::tests::talos_read_stdin_copies_fixed_input_and_advances_after_copy ... ok
talos::syscall::tests::talos_read_zero_length_does_not_consume_or_use_destination ... ok
talos::syscall::tests::talos_socket_close_rejects_wrong_owner_socket_backing ... ok
talos::syscall::tests::talos_socket_errors_are_deterministic_and_do_not_allocate_on_failure ... ok
talos::syscall::tests::talos_socket_opens_af_inet_stream_descriptor_and_close_drops_backing ... ok
talos::syscall::tests::talos_write_backend_failure_is_encoded_as_eio_not_success ... ok
talos::syscall::tests::talos_write_rejects_read_only_and_invalid_descriptors_without_output ... ok
talos::syscall::tests::talos_write_rejects_reserved_registers_and_oversize_lengths_as_einval ... ok
talos::syscall::tests::talos_write_rejects_unmapped_user_ranges_without_output ... ok
talos::syscall::tests::talos_write_stderr_uses_the_same_runtime_console_slice ... ok
talos::syscall::tests::talos_write_stdout_copies_user_bytes_before_runtime_console_output ... ok
talos::syscall::tests::talos_write_zero_length_validates_descriptor_without_console_output ... ok
talos::syscall::tests::unknown_syscall_dispatches_to_negative_enosys ... ok
talos::syscall::tests::vfs_path_errors_do_not_collapse_to_enosys ... ok
talos::syscall::tests::vfs_ping_diagnostic_svc_fixture_completes_vfs_backed_user_lifecycle ... ok
talos::syscall::tests::vfs_ping_diagnostic_svc_fixture_maps_contract_error_controls ... ok
talos::syscall::tests::vfs_ping_diagnostic_svc_fixture_maps_packet_queue_controls ... ok
talos::syscall::tests::vfs_ping_diagnostic_svc_fixture_records_packet_queue_lifecycle ... ok
talos::target::qemu_virt::tests::qemu_mpidr_affinity_maps_four_virt_cpus ... ok
talos::target::rpi5::tests::pi5_uart10_address_matches_bcm2712_soc_range ... ok
talos::target::tests::target_services_include_qemu_console ... ok
talos::tty::tests::canonical_lite_applies_backspace_delete_control_truncation_and_newline ... ok
talos::tty::tests::line_discipline_cancels_current_line_on_ctrl_c ... ok
talos::tty::tests::line_discipline_collapses_newline_forms_to_crlf_echo ... ok
talos::tty::tests::line_discipline_handles_tab_printable_and_editing_bytes ... ok
talos::tty::tests::line_discipline_kills_current_line_on_ctrl_u_without_termination ... ok
talos::tty::tests::line_discipline_marks_control_event_truncation ... ok
talos::tty::tests::line_discipline_records_deferred_control_event_names ... ok
talos::tty::tests::line_discipline_reports_buffer_limit_without_implicit_timeout ... ok
talos::tty::tests::polling_rx_diagnostic_reports_bounded_timeout_without_input ... ok
talos::tty::tests::raw_mode_passes_bytes_without_canonical_translation_or_echo ... ok
test result: ok. 668 passed
qemu-shell-sockdiag-open-close-smoke: cargo-test-filter=socket_number_requires_socket_table_context_in_scalar_dispatch

running 668 talos no_std tests
talos::allocator::tests::allocation_advances_with_alignment_and_updates_accounting ... ok
talos::allocator::tests::direct_global_allocator_style_smoke_preserves_accounting ... ok
talos::allocator::tests::fallible_allocation_reports_alignment_overflow_separately ... ok
talos::allocator::tests::fallible_allocation_reports_exhaustion_without_advancing ... ok
talos::allocator::tests::init_rejects_inconsistent_allocator_plan_contracts ... ok
talos::allocator::tests::init_state_tracks_allocator_bounds_and_capacity ... ok
talos::allocator::tests::oversized_allocation_returns_null_without_advancing ... ok
talos::allocator::tests::realloc_growth_allocates_new_region_and_preserves_prefix ... ok
talos::allocator::tests::uninitialized_allocation_returns_null ... ok
talos::arch::aarch64::exceptions::tests::diagnostic_marker_does_not_route_as_production_syscall ... ok
talos::arch::aarch64::exceptions::tests::irq_dispatch_stub_counts_and_records_context_without_frame ... ok
talos::arch::aarch64::exceptions::tests::irq_vector_classifier_names_irq_slots ... ok
talos::arch::aarch64::exceptions::tests::lower_aarch64_svc_zero_routes_through_syscall_dispatch ... ok
talos::arch::aarch64::exceptions::tests::unknown_syscall_routes_to_negative_enosys ... ok
talos::arch::aarch64::generic_timer::tests::first_smoke_delta_has_small_frequency_floor ... ok
talos::arch::aarch64::generic_timer::tests::monotonic_tick_counter_resets ... ok
talos::arch::aarch64::generic_timer::tests::periodic_tick_delta_can_be_configured ... ok
talos::arch::aarch64::generic_timer::tests::periodic_tick_policy_uses_centisecond_floor ... ok
talos::arch::aarch64::gicv2::tests::sgi_all_except_self_value_encodes_filter_and_intid ... ok
talos::arch::aarch64::gicv2::tests::sgi_target_list_value_encodes_intid_and_targets ... ok
talos::arch::aarch64::gicv2::tests::spurious_intid_matches_gicv2_architecture ... ok
talos::arch::aarch64::tests::irq_mask_state_records_masked_snapshot ... ok
talos::arch::aarch64::tests::irq_mask_state_records_unmasked_snapshot ... ok
talos::arch::aarch64::tests::mpidr_affinity_masks_non_affinity_bits ... ok
talos::arch::aarch64::tests::nested_irq_mask_restore_preserves_outer_masked_state ... ok
talos::device_tree::chosen::tests::device_tree_reads_chosen_bootargs ... ok
talos::device_tree::chosen::tests::device_tree_reads_chosen_initrd_range ... ok
talos::device_tree::memory::tests::device_tree_reads_memory_banks ... ok
talos::device_tree::memory::tests::device_tree_reads_memory_reservations ... ok
talos::device_tree::memory::tests::device_tree_reads_multiple_root_memory_nodes ... ok
talos::device_tree::memory::tests::device_tree_reads_reserved_memory_ranges ... ok
talos::device_tree::memory::tests::memory_cell_decoder_accepts_only_one_or_two_complete_cells ... ok
talos::device_tree::raw::tests::device_tree_reads_fdt_header ... ok
talos::device_tree::raw::tests::raw_fdt_helpers_bound_alignment_blocks_and_strings ... ok
talos::diagnostic_command::tests::dispatcher_lists_bounded_default_commands ... ok
talos::diagnostic_command::tests::dispatcher_propagates_response_sink_failure ... ok
talos::diagnostic_command::tests::dispatcher_reports_deterministic_status_without_posix_state ... ok
talos::diagnostic_command::tests::dispatcher_reports_unknown_parse_and_argument_errors ... ok
talos::diagnostic_command::tests::parser_accepts_completed_tty_line_tokens ... ok
talos::diagnostic_command::tests::parser_rejects_non_command_shell_syntax_and_bounds ... ok
talos::dma_cache::tests::driver_diagnostic_envelope_formats_accepted_executor_evidence ... ok
talos::dma_cache::tests::driver_diagnostic_envelope_rejects_line_coverage_overflow_and_completion_claims ... ok
talos::dma_cache::tests::driver_diagnostic_envelope_rejects_non_accepted_executor_and_missing_prerequisites ... ok
talos::dma_cache::tests::driver_diagnostic_envelope_rejects_unsupported_claims_and_missing_rejected_claims ... ok
talos::dma_cache::tests::maintenance_executor_accepts_invalidate_and_clean_invalidate_dispatch_vocabularies ... ok
talos::dma_cache::tests::maintenance_executor_dispatches_clean_sequence_and_formats_evidence ... ok
talos::dma_cache::tests::maintenance_executor_rejects_contract_classification_and_identity_bypass ... ok
talos::dma_cache::tests::maintenance_executor_rejects_line_coverage_overflow_and_range_mismatch ... ok
talos::dma_cache::tests::maintenance_executor_rejects_unsupported_operation_instruction_and_barrier ... ok
talos::dma_cache::tests::maintenance_sequence_derives_clean_instruction_barrier_and_evidence ... ok
talos::dma_cache::tests::maintenance_sequence_derives_invalidate_and_clean_invalidate_instructions ... ok
talos::dma_cache::tests::maintenance_sequence_rejects_non_accepted_sync_plan_and_descriptor_mismatch ... ok
talos::dma_cache::tests::maintenance_sequence_rejects_zero_mismatch_overflow_and_runtime_claims ... ok
talos::dma_cache::tests::small_diagnostic_plan_formats_accepted_envelope_and_rp1_dma_source_facts ... ok
talos::dma_cache::tests::small_diagnostic_plan_rejects_completion_and_driver_readiness_claims ... ok
talos::dma_cache::tests::small_diagnostic_plan_rejects_controller_source_and_policy_claims ... ok
talos::dma_cache::tests::small_diagnostic_plan_rejects_non_accepted_envelope_and_missing_prerequisites ... ok
talos::dma_cache::tests::small_diagnostic_visibility_report_formats_candidate_plan_evidence ... ok
talos::dma_cache::tests::small_diagnostic_visibility_report_formats_no_plan_control ... ok
talos::dma_cache::tests::small_diagnostic_visibility_report_rejects_overclaims ... ok
talos::dma_cache::tests::small_diagnostic_visibility_report_rejects_shape_and_plan_bypass ... ok
talos::dma_cache::tests::sync_plan_covers_unaligned_cpu_visible_range_with_cache_lines ... ok
talos::dma_cache::tests::sync_plan_derives_bidirectional_shared_clean_invalidate ... ok
talos::dma_cache::tests::sync_plan_derives_from_device_after_ownership_invalidate ... ok
talos::dma_cache::tests::sync_plan_derives_to_device_before_ownership_clean ... ok
talos::dma_cache::tests::sync_plan_rejects_non_accepted_descriptor_classification_inputs ... ok
talos::dma_cache::tests::sync_plan_rejects_overflow_unsupported_claims_and_boundary_pairs ... ok
talos::dma_cache::tests::translation_helpers_cover_ram_peripheral_range_and_overflow ... ok
talos::dma_cache::tests::valid_rp1_ram_window_descriptor_emits_local_static_evidence ... ok
talos::dma_cache::tests::validator_rejects_forbidden_cacheability_and_iommu_claims ... ok
talos::dma_cache::tests::validator_rejects_forbidden_reserved_and_high_memory_inputs ... ok
talos::dma_cache::tests::validator_rejects_owned_span_escape ... ok
talos::dma_cache::tests::validator_rejects_unaligned_descriptor ... ok
talos::early_format::tests::decimal_formatter_writes_zero_and_multi_digit_values ... ok
talos::early_format::tests::hex_formatter_uses_minimal_digits ... ok
talos::early_format::tests::hex_formatter_writes_full_width_u64_values ... ok
talos::initial_process_launch::tests::prepares_launch_plan_without_runnable_side_effects ... ok
talos::initial_process_launch::tests::rejects_activation_stack_and_scheduler_requests ... ok
talos::initial_process_launch::tests::rejects_bad_identity_before_publication ... ok
talos::initial_process_launch::tests::rejects_destroyed_inputs_without_partial_launch ... ok
talos::initial_process_launch::tests::rejects_entry_mismatch_as_not_executable ... ok
talos::initial_process_launch::tests::rejects_forbidden_entry_range ... ok
talos::initial_process_launch::tests::rejects_runnable_commit_without_partial_launch_or_publication ... ok
talos::initial_user_stack::tests::builds_initial_stack_plan_with_fixed_layout_and_accounting ... ok
talos::initial_user_stack::tests::capacity_exhaustion_releases_partial_stack_leases ... ok
talos::initial_user_stack::tests::records_minimal_argv_startup_payload_and_launch_binding_without_live_side_effects ... ok
talos::initial_user_stack::tests::rejects_already_stack_ready_launch_input_without_leasing ... ok
talos::initial_user_stack::tests::rejects_bad_stack_range_and_executable_permissions_without_leasing ... ok
talos::initial_user_stack::tests::rejects_image_overlap_without_leasing ... ok
talos::initial_user_stack::tests::rejects_live_launch_requests_without_partial_launch_or_publication ... ok
talos::initial_user_stack::tests::teardown_releases_only_stack_owned_leases_and_is_idempotent ... ok
talos::initramfs::tests::copy_faults_and_invalid_scratch_do_not_mutate_offsets_or_user_bytes ... ok
talos::initramfs::tests::descriptor_facing_read_rejects_directory_and_unsupported_objects ... ok
talos::initramfs::tests::descriptor_facing_read_reports_ebadf_before_copy_or_offset_mutation ... ok
talos::initramfs::tests::descriptor_reads_opened_files_and_duplicates_share_offset ... ok
talos::initramfs::tests::fixture_validates_root_and_unique_directory_entries ... ok
talos::initramfs::tests::lookup_reports_contract_error_precedence ... ok
talos::initramfs::tests::lookup_reports_root_directory_and_contract_files ... ok
talos::initramfs::tests::lookup_uses_accepted_path_normalization_from_root_and_cwd ... ok
talos::initramfs::tests::malformed_open_file_description_reports_einval ... ok
talos::initramfs::tests::open_regular_descriptor_attaches_file_description_to_lowest_fd ... ok
talos::initramfs::tests::open_regular_descriptor_rolls_back_file_description_on_descriptor_failure ... ok
talos::initramfs::tests::open_regular_file_rejects_directories_as_eisdir ... ok
talos::initramfs::tests::phase8_fixture_name_is_stable ... ok
talos::initramfs::tests::reads_are_short_only_at_fixture_eof ... ok
talos::initramfs::tests::regular_file_bytes_returns_immutable_init_fixture ... ok
talos::initramfs::tests::regular_file_kernel_reads_copy_bytes_advance_offset_and_report_eof ... ok
talos::initramfs::tests::regular_file_reads_copy_bytes_advance_offset_and_report_eof ... ok
talos::initramfs::tests::zero_length_file_and_zero_length_reads_do_not_mutate_offsets ... ok
talos::kernel_half_descriptor_image::tests::constructs_non_installed_descriptor_image_with_copied_lineage ... ok
talos::kernel_half_descriptor_image::tests::records_required_coverage_permissions_attributes_and_blockers ... ok
talos::kernel_half_descriptor_image::tests::records_ttbr1_image_intent_without_live_side_effects ... ok
talos::kernel_half_descriptor_image::tests::rejects_blocked_requests_without_partial_image ... ok
talos::kernel_half_descriptor_image::tests::rolls_back_lease_shortage_without_partial_image ... ok
talos::kernel_half_descriptor_image::tests::teardown_releases_model_owned_records_and_is_idempotent ... ok
talos::kernel_half_reachability::tests::builds_preflight_plan_with_copied_input_lineage ... ok
talos::kernel_half_reachability::tests::records_kernel_half_policy_without_live_side_effects ... ok
talos::kernel_half_reachability::tests::rejects_blocked_requests_without_partial_plan ... ok
talos::kernel_half_reachability::tests::rejects_identity_and_lineage_disagreements_before_publication ... ok
talos::kernel_half_reachability::tests::rolls_back_resource_exhaustion_without_partial_plan ... ok
talos::kernel_half_reachability::tests::teardown_releases_only_plan_local_lease_and_is_idempotent ... ok
talos::live_address_space_activation::tests::builds_preflight_plan_with_blocked_live_activation_fields ... ok
talos::live_address_space_activation::tests::records_required_kernel_reachability_without_live_side_effects ... ok
talos::live_address_space_activation::tests::rejects_identity_and_entry_disagreements_before_publication ... ok
talos::live_address_space_activation::tests::rejects_live_register_and_publication_requests_without_partial_activation ... ok
talos::live_address_space_activation::tests::rolls_back_resource_exhaustion_without_partial_activation ... ok
talos::live_address_space_activation::tests::teardown_releases_only_plan_local_lease_and_is_idempotent ... ok
talos::live_descriptor_image_installation::tests::installs_model_binding_with_copied_lineage_and_no_live_state ... ok
talos::live_descriptor_image_installation::tests::preserves_coverage_permissions_and_zero_side_effect_accounting ... ok
talos::live_descriptor_image_installation::tests::rejects_deterministic_cases_without_partial_installation ... ok
talos::live_descriptor_image_installation::tests::rejects_missing_destroyed_and_resource_exhaustion_without_leaks ... ok
talos::live_descriptor_image_installation::tests::teardown_clears_only_installation_record_and_is_idempotent ... ok
talos::live_translation_register_activation::tests::commits_model_activation_intent_with_copied_lineage_and_no_live_state ... ok
talos::live_translation_register_activation::tests::records_input_provenance_reachability_and_zero_side_effects ... ok
talos::live_translation_register_activation::tests::rejects_deterministic_cases_without_partial_activation ... ok
talos::live_translation_register_activation::tests::rejects_missing_destroyed_and_resource_exhaustion_without_leaks ... ok
talos::live_translation_register_activation::tests::teardown_clears_only_activation_record_and_is_idempotent ... ok
talos::local_command_loop::tests::local_command_loop_accepts_explicit_fd1_stdout_regular_file_aliases ... ok
talos::local_command_loop::tests::local_command_loop_append_creates_missing_stderr_volatile_regular_file ... ok
talos::local_command_loop::tests::local_command_loop_append_creates_missing_stdout_volatile_regular_file ... ok
talos::local_command_loop::tests::local_command_loop_appends_child_stderr_to_existing_volatile_regular_file ... ok
talos::local_command_loop::tests::local_command_loop_appends_child_stdout_to_existing_volatile_regular_file ... ok
talos::local_command_loop::tests::local_command_loop_applies_backspace_and_delete_before_dispatch ... ok
talos::local_command_loop::tests::local_command_loop_bounded_wait_consumes_delayed_userspace_stdin ... ok
talos::local_command_loop::tests::local_command_loop_cancels_partial_line_on_ctrl_c_before_next_dispatch ... ok
talos::local_command_loop::tests::local_command_loop_cats_banner_through_reusable_vfs_syscall_descriptor ... ok
talos::local_command_loop::tests::local_command_loop_cats_generated_manifest_through_vfs_syscall_descriptor ... ok
talos::local_command_loop::tests::local_command_loop_closes_child_stderr_only_for_one_exec ... ok
talos::local_command_loop::tests::local_command_loop_closes_child_stdout_only_for_one_exec ... ok
talos::local_command_loop::tests::local_command_loop_combines_readonly_stdin_and_volatile_stdout_redirection ... ok
talos::local_command_loop::tests::local_command_loop_dispatches_bare_ls_against_current_directory ... ok
talos::local_command_loop::tests::local_command_loop_dispatches_bounded_cat_banner ... ok
talos::local_command_loop::tests::local_command_loop_dispatches_bounded_literal_echo_tail ... ok
talos::local_command_loop::tests::local_command_loop_dispatches_bounded_ls_bin ... ok
talos::local_command_loop::tests::local_command_loop_dispatches_bounded_ls_root ... ok
talos::local_command_loop::tests::local_command_loop_dispatches_cat_banner_against_current_directory ... ok
talos::local_command_loop::tests::local_command_loop_dispatches_kernel_backed_echo_argument ... ok
talos::local_command_loop::tests::local_command_loop_dispatches_kernel_backed_help ... ok
talos::local_command_loop::tests::local_command_loop_dispatches_root_only_pwd ... ok
talos::local_command_loop::tests::local_command_loop_execs_absolute_vfs_program_with_literal_argv ... ok
talos::local_command_loop::tests::local_command_loop_execs_generated_root_executable_with_literal_argv ... ok
talos::local_command_loop::tests::local_command_loop_execs_init_through_vfs_launch_boundary ... ok
talos::local_command_loop::tests::local_command_loop_execs_minimal_stdout_to_stdin_pipeline ... ok
talos::local_command_loop::tests::local_command_loop_execs_non_init_absolute_vfs_program ... ok
talos::local_command_loop::tests::local_command_loop_execs_nonzero_status_vfs_program ... ok
talos::local_command_loop::tests::local_command_loop_execs_shell_visible_pingdiag_through_vfs_diagnostic_layers ... ok
talos::local_command_loop::tests::local_command_loop_execs_shell_visible_sockdiag_through_vfs_socket_syscalls ... ok
talos::local_command_loop::tests::local_command_loop_execs_userspace_stderr_fixture_through_fd2 ... ok
talos::local_command_loop::tests::local_command_loop_execs_userspace_stdin_fixture_through_fd0 ... ok
talos::local_command_loop::tests::local_command_loop_execs_userspace_stdout_fixture_through_fd1 ... ok
talos::local_command_loop::tests::local_command_loop_handles_empty_and_unknown_input_visibly ... ok
talos::local_command_loop::tests::local_command_loop_jobs_reports_background_accounting_record ... ok
talos::local_command_loop::tests::local_command_loop_keeps_stderr_out_of_stdout_pipeline ... ok
talos::local_command_loop::tests::local_command_loop_kills_partial_line_on_ctrl_u_before_dispatch ... ok
talos::local_command_loop::tests::local_command_loop_observes_last_process_status_from_lifecycle_record ... ok
talos::local_command_loop::tests::local_command_loop_pipes_child_stderr_after_dup_to_stdout ... ok
talos::local_command_loop::tests::local_command_loop_records_multiple_background_vfs_exec_jobs ... ok
talos::local_command_loop::tests::local_command_loop_redirects_child_stderr_to_dev_null_only_for_one_exec ... ok
talos::local_command_loop::tests::local_command_loop_redirects_child_stderr_to_inherited_stdout_fd ... ok
talos::local_command_loop::tests::local_command_loop_redirects_child_stderr_to_volatile_regular_file ... ok
talos::local_command_loop::tests::local_command_loop_redirects_child_stdin_from_dev_null_only_for_one_exec ... ok
talos::local_command_loop::tests::local_command_loop_redirects_child_stdin_from_readonly_regular_file_only_for_one_exec ... ok
talos::local_command_loop::tests::local_command_loop_redirects_child_stdout_to_dev_null_only_for_one_exec ... ok
talos::local_command_loop::tests::local_command_loop_redirects_child_stdout_to_inherited_stderr_fd ... ok
talos::local_command_loop::tests::local_command_loop_redirects_child_stdout_to_volatile_regular_file ... ok
talos::local_command_loop::tests::local_command_loop_redirects_pipeline_consumer_stdout_to_volatile_file ... ok
talos::local_command_loop::tests::local_command_loop_redirects_pipeline_producer_stdout_to_volatile_file ... ok
talos::local_command_loop::tests::local_command_loop_redirects_pipeline_stdout_away_to_stderr ... ok
talos::local_command_loop::tests::local_command_loop_redirects_stderr_to_arbitrary_tmp_basenames ... ok
talos::local_command_loop::tests::local_command_loop_redirects_stdout_to_arbitrary_tmp_basenames ... ok
talos::local_command_loop::tests::local_command_loop_rejects_arguments_for_non_echo_builtins ... ok
talos::local_command_loop::tests::local_command_loop_rejects_missing_and_non_executable_exec_targets ... ok
talos::local_command_loop::tests::local_command_loop_rejects_truncated_control_history ... ok
talos::local_command_loop::tests::local_command_loop_rejects_unsupported_explicit_file_output_aliases ... ok
talos::local_command_loop::tests::local_command_loop_rejects_unsupported_literal_exec_grammar ... ok
talos::local_command_loop::tests::local_command_loop_rejects_unsupported_pipeline_forms ... ok
talos::local_command_loop::tests::local_command_loop_rejects_unsupported_redirection_forms ... ok
talos::local_command_loop::tests::local_command_loop_reports_descriptor_backed_stdio ... ok
talos::local_command_loop::tests::local_command_loop_reports_generated_root_source_reason_in_tail_stable_position ... ok
talos::local_command_loop::tests::local_command_loop_reports_input_and_response_failures ... ok
talos::local_command_loop::tests::local_command_loop_reports_userspace_stdin_ctrl_d_terminal_eof ... ok
talos::local_command_loop::tests::local_command_loop_reports_userspace_stdin_no_data_through_fd0 ... ok
talos::local_command_loop::tests::local_command_loop_resolves_bare_exec_name_through_fixed_bin_lookup ... ok
talos::local_command_loop::tests::local_command_loop_tracks_bounded_current_directory ... ok
talos::local_command_loop::tests::local_command_loop_waitpid_consumes_vfs_exec_lifecycle_record ... ok
talos::local_command_loop::tests::local_command_status_names_are_stable_for_transcripts ... ok
talos::memory_map::layout::tests::conservative_candidate_excludes_page_rounded_firmware_initrd_range ... ok
talos::memory_map::layout::tests::conservative_candidate_fails_when_firmware_initrd_exhausts_low_tail ... ok
talos::memory_map::layout::tests::conservative_candidate_ignores_zero_sized_reserved_memory_ranges ... ok
talos::memory_map::layout::tests::conservative_candidate_respects_reported_reservation_tail ... ok
talos::memory_map::layout::tests::conservative_candidate_respects_reported_reserved_memory_ranges ... ok
talos::memory_map::layout::tests::conservative_candidate_uses_tail_after_kernel_and_dtb ... ok
talos::memory_map::page_frames::tests::bootstrap_allocator_plan_rejects_unaligned_empty_or_unmapped_spans ... ok
talos::memory_map::page_frames::tests::bootstrap_allocator_plan_uses_remaining_low_tail_frames ... ok
talos::memory_map::page_frames::tests::bootstrap_page_reservation_carves_from_seed_start ... ok
talos::memory_map::page_frames::tests::bootstrap_page_reservation_rejects_empty_or_consumed_seed ... ok
talos::memory_map::page_frames::tests::heap_expansion_policy_rejects_non_allocator_owned_source ... ok
talos::memory_map::page_frames::tests::heap_expansion_policy_uses_allocator_owned_low_tail_and_protects_reserved_frames ... ok
talos::memory_map::page_frames::tests::page_frame_ownership_contract_excludes_kernel_dtb_reservations_stack_and_tables ... ok
talos::memory_map::page_frames::tests::page_frame_ownership_contract_names_current_low_tail_partitions ... ok
talos::memory_map::page_frames::tests::page_frame_ownership_contract_rejects_mismatched_allocator_span ... ok
talos::memory_map::page_frames::tests::page_frame_reuse_allocator_allocates_frees_and_reuses_frame ... ok
talos::memory_map::page_frames::tests::page_frame_reuse_allocator_rejects_bad_metadata_contracts ... ok
talos::memory_map::page_frames::tests::page_frame_reuse_allocator_rejects_double_free_and_out_of_range_frame ... ok
talos::memory_map::page_frames::tests::page_frame_reuse_allocator_requires_metadata_outside_managed_frames ... ok
talos::memory_map::page_frames::tests::page_frame_seed_rejects_sub_page_usable_span ... ok
talos::memory_map::page_frames::tests::page_frame_seed_uses_page_aligned_usable_span ... ok
talos::memory_map::translation::tests::data_cache_enable_plan_requires_el2_active_mmu_and_icache ... ok
talos::memory_map::translation::tests::instruction_cache_enable_plan_requires_el2_and_active_mmu ... ok
talos::memory_map::translation::tests::populate_translation_tables_writes_expected_entries_and_counts ... ok
talos::memory_map::translation::tests::translation_register_plan_rejects_non_el2_or_bad_layout ... ok
talos::memory_map::translation::tests::translation_register_plan_reports_el2_no_enable_values ... ok
talos::memory_map::translation::tests::translation_table_descriptors_encode_table_normal_and_device_entries ... ok
talos::memory_map::translation::tests::translation_table_layout_rejects_too_small_reservation ... ok
talos::memory_map::translation::tests::translation_table_layout_uses_first_bootstrap_pages ... ok
talos::memory_map::translation::tests::translation_table_population_plan_reports_minimal_descriptor_shape ... ok
talos::network::tests::arp_cache_inserts_updates_misses_and_replaces_oldest_slots ... ok
talos::network::tests::arp_cache_learns_sender_from_valid_arp_requests_and_replies ... ok
talos::network::tests::arp_cache_rejects_malformed_or_unsupported_learning_without_state_change ... ok
talos::network::tests::arp_cache_zero_capacity_reports_no_capacity_without_state ... ok
talos::network::tests::arp_parser_accepts_ethernet_ipv4_request ... ok
talos::network::tests::arp_parser_rejects_truncated_and_mismatched_shapes ... ok
talos::network::tests::cache_aware_dispatch_learns_arp_reply_without_generating_a_reply ... ok
talos::network::tests::cache_aware_dispatch_learns_arp_request_and_preserves_reply_generation ... ok
talos::network::tests::cache_aware_dispatch_preserves_icmp_echo_without_arp_learning ... ok
talos::network::tests::cache_aware_dispatch_rejects_bad_arp_without_cache_mutation ... ok
talos::network::tests::cache_aware_poll_learns_arp_reply_without_transmit ... ok
talos::network::tests::cache_aware_poll_no_frame_leaves_cache_unchanged ... ok
talos::network::tests::cache_aware_poll_transmit_error_keeps_learned_sender ... ok
talos::network::tests::cache_aware_poll_transmits_arp_reply_and_learns_sender ... ok
talos::network::tests::dispatch_builds_arp_reply_for_local_ipv4_identity ... ok
talos::network::tests::dispatch_builds_icmp_echo_reply_with_valid_ipv4_and_icmp_checksums ... ok
talos::network::tests::dispatch_rejects_bad_icmp_checksum_unsupported_ethertype_and_small_icmp_output ... ok
talos::network::tests::dispatch_rejects_malformed_ipv4_icmp_protocols_and_fragments ... ok
talos::network::tests::dispatch_rejects_nonlocal_arp_and_small_arp_output_buffer ... ok
talos::network::tests::ethernet_parser_rejects_truncated_headers ... ok
talos::network::tests::ethernet_parser_splits_header_and_payload ... ok
talos::network::tests::integrated_single_ping_arps_unresolved_route_then_records_inflight_after_icmp_transmit ... ok
talos::network::tests::integrated_single_ping_preserves_inflight_on_duplicate_and_nonmatching_replies ... ok
talos::network::tests::integrated_single_ping_preserves_state_on_start_and_pending_error_boundaries ... ok
talos::network::tests::integrated_single_ping_retries_pending_arp_with_caller_owned_budget ... ok
talos::network::tests::integrated_single_ping_starts_resolved_route_and_completes_matching_reply ... ok
talos::network::tests::integrated_single_ping_timeout_and_status_are_caller_driven ... ok
talos::network::tests::ipv4_egress_route_policy_handles_zero_and_host_mask_boundaries ... ok
talos::network::tests::ipv4_egress_route_policy_reports_no_route_without_gateway ... ok
talos::network::tests::ipv4_egress_route_policy_uses_destination_for_same_subnet_next_hop ... ok
talos::network::tests::ipv4_egress_route_policy_uses_gateway_for_off_subnet_destination ... ok
talos::network::tests::ipv4_parser_accepts_header_and_payload ... ok
talos::network::tests::ipv4_parser_accepts_options_when_total_length_matches ... ok
talos::network::tests::ipv4_parser_rejects_malformed_headers ... ok
talos::network::tests::network_device_trait_moves_raw_frames_without_parsing ... ok
talos::network::tests::network_ping_descriptor_lifecycle_completes_unresolved_arp_to_echo_reply ... ok
talos::network::tests::network_ping_descriptor_maps_invalid_closed_capacity_and_busy_edges ... ok
talos::network::tests::network_ping_descriptor_maps_retry_timeout_and_io_errors ... ok
talos::network::tests::network_runtime_device_pump_advances_active_ping_from_arp_to_completed_status ... ok
talos::network::tests::network_runtime_device_pump_preserves_retry_timeout_and_terminal_observation ... ok
talos::network::tests::network_runtime_device_pump_prioritizes_local_reply_over_active_operation ... ok
talos::network::tests::network_runtime_device_pump_reports_local_and_active_transmit_errors ... ok
talos::network::tests::network_runtime_device_pump_reports_no_frame_receive_pressure_and_receive_error ... ok
talos::network::tests::network_runtime_device_pump_reports_nonlocal_no_reply_without_active_operation ... ok
talos::network::tests::network_runtime_device_pump_transmits_local_arp_reply_from_caller_buffers ... ok
talos::network::tests::network_runtime_device_pump_transmits_local_icmp_echo_reply_from_caller_buffers ... ok
talos::network::tests::outbound_arp_request_builds_complete_broadcast_request_frame ... ok
talos::network::tests::outbound_arp_request_composes_with_unresolved_neighbor_resolution_without_cache_mutation ... ok
talos::network::tests::outbound_arp_request_rejects_too_small_output_without_partial_frame ... ok
talos::network::tests::outbound_frame_construction_composes_with_cached_neighbor_resolution ... ok
talos::network::tests::outbound_frame_construction_rejects_too_small_output_without_partial_frame ... ok
talos::network::tests::outbound_frame_construction_rejects_unresolved_neighbor_without_side_effects ... ok
talos::network::tests::outbound_frame_construction_writes_resolved_neighbor_frame ... ok
talos::network::tests::outbound_ipv4_icmp_echo_request_builds_complete_resolved_neighbor_frame ... ok
talos::network::tests::outbound_ipv4_icmp_echo_request_composes_with_cached_resolution ... ok
talos::network::tests::outbound_ipv4_icmp_echo_request_rejects_payloads_too_large_for_ipv4 ... ok
talos::network::tests::outbound_ipv4_icmp_echo_request_rejects_small_output_without_partial_frame ... ok
talos::network::tests::outbound_ipv4_icmp_echo_request_rejects_unresolved_neighbor_without_side_effects ... ok
talos::network::tests::outbound_neighbor_resolution_returns_cached_mac_for_known_destination ... ok
talos::network::tests::outbound_neighbor_resolution_returns_destination_on_miss ... ok
talos::network::tests::outbound_neighbor_resolution_uses_updated_cache_entries ... ok
talos::network::tests::outbound_neighbor_resolution_zero_capacity_cache_is_deterministic_miss ... ok
talos::network::tests::outbound_one_shot_does_not_transmit_when_request_building_fails ... ok
talos::network::tests::outbound_one_shot_reports_transmit_error_after_successful_build ... ok
talos::network::tests::outbound_one_shot_transmits_arp_request_once_for_unresolved_neighbor ... ok
talos::network::tests::outbound_one_shot_transmits_icmp_request_once_for_resolved_neighbor ... ok
talos::network::tests::outbound_request_selection_builds_arp_for_unresolved_neighbor_without_cache_mutation ... ok
talos::network::tests::outbound_request_selection_builds_icmp_for_resolved_neighbor_without_cache_mutation ... ok
talos::network::tests::outbound_request_selection_rejects_resolved_buffer_pressure_without_partial_frame ... ok
talos::network::tests::outbound_request_selection_rejects_resolved_payloads_too_large_for_ipv4 ... ok
talos::network::tests::outbound_request_selection_rejects_unresolved_buffer_pressure_without_partial_frame ... ok
talos::network::tests::packet_queue_driver_pump_drains_outbound_before_polling_receive_fifo ... ok
talos::network::tests::packet_queue_driver_pump_reports_backpressure_and_device_errors_deterministically ... ok
talos::network::tests::pending_arp_reply_poll_advances_gateway_pending_to_single_icmp_transmit ... ok
talos::network::tests::pending_arp_reply_poll_distinguishes_no_pending_no_frame_and_receive_errors ... ok
talos::network::tests::pending_arp_reply_poll_preserves_pending_on_nonmatch_malformed_pressure_and_transmit_error ... ok
talos::network::tests::poll_step_distinguishes_no_reply_dispatch_and_transmit_errors ... ok
talos::network::tests::poll_step_distinguishes_receive_boundaries ... ok
talos::network::tests::poll_step_transmits_arp_reply_from_caller_owned_buffers ... ok
talos::network::tests::poll_step_transmits_icmp_echo_reply_from_caller_owned_buffers ... ok
talos::network::tests::qemu_substitute_single_ping_transaction_smoke_covers_lifecycle_and_retry_timeout ... ok
talos::network::tests::received_frame_keeps_device_movement_separate_from_protocol_parse ... ok
talos::network::tests::routed_outbound_selection_arps_for_unresolved_gateway_next_hop ... ok
talos::network::tests::routed_outbound_selection_reports_no_route_before_touching_output ... ok
talos::network::tests::routed_outbound_selection_resolves_gateway_mac_without_mutating_cache ... ok
talos::network::tests::routed_outbound_selection_wraps_frame_errors_without_cache_mutation ... ok
talos::network::tests::routed_single_pending_icmp_gateway_route_arps_gateway_and_transmits_to_final_destination ... ok
talos::network::tests::routed_single_pending_icmp_preserves_gateway_pending_on_nonmatching_arp ... ok
talos::network::tests::routed_single_pending_icmp_reports_no_route_without_pending_or_transmit ... ok
talos::network::tests::routed_single_pending_icmp_same_subnet_unresolved_arps_destination ... ok
talos::network::tests::single_inflight_icmp_echo_reply_observation_rejects_nonmatching_reply_fields ... ok
talos::network::tests::single_inflight_icmp_echo_reply_observation_reports_malformed_and_payload_pressure ... ok
talos::network::tests::single_inflight_icmp_echo_reply_poll_distinguishes_empty_and_receive_errors ... ok
talos::network::tests::single_inflight_icmp_echo_reply_poll_matches_and_clears_request ... ok
talos::network::tests::single_pending_arp_retry_reemits_stored_gateway_next_hop_and_decrements_budget ... ok
talos::network::tests::single_pending_arp_retry_reports_budget_exhaustion_without_clearing_pending ... ok
talos::network::tests::single_pending_arp_retry_reports_no_pending_buffer_pressure_and_transmit_error_boundaries ... ok
talos::network::tests::single_pending_icmp_can_advance_from_existing_cache_resolution ... ok
talos::network::tests::single_pending_icmp_matching_arp_reply_transmits_icmp_and_clears_pending ... ok
talos::network::tests::single_pending_icmp_reports_backpressure_without_replacing_pending_request ... ok
talos::network::tests::single_pending_icmp_reports_malformed_arp_and_transmit_errors_without_clearing_pending ... ok
talos::network::tests::single_pending_icmp_reports_no_pending_unresolved_and_nonmatching_arp_boundaries ... ok
talos::network::tests::single_pending_icmp_reports_payload_and_output_pressure_without_state_change ... ok
talos::network::tests::single_pending_icmp_unresolved_neighbor_transmits_arp_and_records_request ... ok
talos::network::tests::single_ping_packet_service_owns_one_transaction_lifecycle ... ok
talos::network::tests::single_ping_packet_service_preserves_state_across_edge_cases ... ok
talos::network::tests::userspace_ping_operation_completes_unresolved_arp_to_echo_reply ... ok
talos::network::tests::userspace_ping_operation_maps_busy_retry_timeout_and_io_errors ... ok
talos::posix::tests::absolute_dot_dot_clamps_above_root ... ok
talos::posix::tests::component_count_limit_maps_to_enametoolong ... ok
talos::posix::tests::component_longer_than_limit_maps_to_enametoolong ... ok
talos::posix::tests::copy_from_user_reads_complete_valid_range ... ok
talos::posix::tests::copy_to_user_writes_complete_valid_range ... ok
talos::posix::tests::copy_user_rejects_backing_storage_gaps_as_efault ... ok
talos::posix::tests::copy_user_rejects_invalid_user_ranges_as_efault ... ok
talos::posix::tests::copy_user_rejects_short_kernel_buffers_as_einval_without_side_effects ... ok
talos::posix::tests::copy_user_rejects_unmapped_no_access_and_permission_mismatch_as_efault ... ok
talos::posix::tests::copy_user_zero_length_succeeds_without_dereferencing_user_start ... ok
talos::posix::tests::default_limits_cover_normal_contract_paths ... ok
talos::posix::tests::descriptor_access_mismatch_maps_to_ebadf ... ok
talos::posix::tests::descriptor_allocate_at_rejects_invalid_or_occupied_target ... ok
talos::posix::tests::descriptor_allocate_uses_lowest_available_slot ... ok
talos::posix::tests::descriptor_dup_preserves_object_reference_and_separate_lifetime ... ok
talos::posix::tests::descriptor_flags_accept_known_bits_and_reject_unknown_bits ... ok
talos::posix::tests::descriptor_full_table_maps_allocate_and_dup_to_emfile ... ok
talos::posix::tests::descriptor_get_close_and_double_close_use_ebadf ... ok
talos::posix::tests::descriptor_object_kind_names_cover_reserved_future_kinds ... ok
talos::posix::tests::descriptor_reserved_operation_errors_are_deterministic ... ok
talos::posix::tests::dot_path_is_relative_current_directory ... ok
talos::posix::tests::embedded_nul_maps_to_einval ... ok
talos::posix::tests::empty_path_maps_to_enoent ... ok
talos::posix::tests::inherited_stdio_populates_process_local_reserved_descriptors ... ok
talos::posix::tests::inherited_stdio_requires_room_for_descriptors_zero_one_and_two ... ok
talos::posix::tests::path_longer_than_limit_maps_to_enametoolong ... ok
talos::posix::tests::posix_error_names_match_baseline_contract ... ok
talos::posix::tests::process_descriptor_close_failures_map_to_ebadf ... ok
talos::posix::tests::process_descriptor_close_reuses_lowest_slot_and_preserves_duplicates ... ok
talos::posix::tests::process_descriptor_close_stderr_follows_table_local_rule ... ok
talos::posix::tests::process_descriptor_close_stdout_blocks_descriptor_write_lookup ... ok
talos::posix::tests::process_descriptor_dup_failures_map_to_ebadf_or_emfile ... ok
talos::posix::tests::process_descriptor_lookup_failures_map_to_ebadf ... ok
talos::posix::tests::process_descriptor_owner_initializes_inherited_stdio_for_owner ... ok
talos::posix::tests::process_descriptor_store_dups_current_owner_descriptors ... ok
talos::posix::tests::process_descriptor_store_preserves_owner_and_table_errors ... ok
talos::posix::tests::process_descriptor_store_resolves_current_owner_table ... ok
talos::posix::tests::relative_current_directory_with_trailing_slash_requires_directory ... ok
talos::posix::tests::relative_dot_dot_cancels_previous_normal_component ... ok
talos::posix::tests::relative_leading_dot_dot_components_are_retained ... ok
talos::posix::tests::repeated_separators_and_dot_components_are_removed ... ok
talos::posix::tests::root_path_has_no_components ... ok
talos::posix::tests::storage_capacity_limit_maps_to_enametoolong ... ok
talos::posix::tests::trailing_slash_requires_directory_for_non_root_path ... ok
talos::posix::tests::user_access_accepts_contiguous_readable_ranges ... ok
talos::posix::tests::user_access_rejects_unmapped_and_guard_gaps_as_efault ... ok
talos::posix::tests::user_access_requires_matching_read_write_and_execute_permissions ... ok
talos::posix::tests::user_mapping_rejects_zero_length_and_null_guard_overlap ... ok
talos::posix::tests::user_range_rejects_null_guard_and_kernel_addresses_for_nonempty_ranges_as_efault ... ok
talos::posix::tests::user_range_rejects_wraparound_and_length_limit_as_efault ... ok
talos::process_address_space::tests::installs_process_address_space_with_preserved_permissions_and_leases ... ok
talos::process_address_space::tests::installs_readonly_data_pages_without_widening_permissions ... ok
talos::process_address_space::tests::rejects_bad_install_plan_before_leasing ... ok
talos::process_address_space::tests::rejects_null_guard_or_kernel_split_without_leasing ... ok
talos::process_address_space::tests::rejects_overlap_and_permission_widening_without_leasing ... ok
talos::process_address_space::tests::rolls_back_root_table_user_frame_mapping_and_copy_zero_failures ... ok
talos::process_address_space::tests::teardown_releases_owned_leases_in_order_and_is_idempotent ... ok
talos::process_install::tests::accepts_loader_readonly_data_segment_without_widening_permissions ... ok
talos::process_install::tests::derives_metadata_only_install_plan_from_fixture ... ok
talos::process_install::tests::rejects_bad_entry_without_partial_install ... ok
talos::process_install::tests::rejects_budget_overflow_without_partial_install ... ok
talos::process_install::tests::rejects_missing_segment_slot_without_partial_install ... ok
talos::process_install::tests::rejects_overlapping_pages_without_partial_install ... ok
talos::process_install::tests::rejects_permission_widening_without_partial_install ... ok
talos::process_install::tests::rejects_source_range_overflow_without_partial_install ... ok
talos::process_page_table_materialization::tests::materializes_descriptor_image_with_preserved_permissions ... ok
talos::process_page_table_materialization::tests::materializes_readonly_data_descriptors_as_el0_read_only_non_executable ... ok
talos::process_page_table_materialization::tests::rejects_activation_request_before_leasing ... ok
talos::process_page_table_materialization::tests::rejects_bad_address_space_or_install_mismatch_before_leasing ... ok
talos::process_page_table_materialization::tests::rejects_unsupported_multiple_l2_topology_without_leasing ... ok
talos::process_page_table_materialization::tests::rolls_back_resource_exhaustion_and_population_failures ... ok
talos::process_page_table_materialization::tests::teardown_clears_descriptors_and_releases_leases_once ... ok
talos::program_loader::tests::phase8_init_fixture_produces_image_plan_only ... ok
talos::program_loader::tests::phase8_init_loader_reports_vfs_source_errors ... ok
talos::program_loader::tests::rejects_bad_entry_outside_executable_text ... ok
talos::program_loader::tests::rejects_bad_magic_before_plan ... ok
talos::program_loader::tests::rejects_dynamic_interpreter_program_header ... ok
talos::program_loader::tests::rejects_file_range_overflow_without_partial_plan ... ok
talos::program_loader::tests::rejects_malformed_program_header_range ... ok
talos::program_loader::tests::rejects_out_of_user_range_segment ... ok
talos::program_loader::tests::rejects_rounded_segment_overlap ... ok
talos::program_loader::tests::rejects_unsupported_type_and_machine ... ok
talos::program_loader::tests::rejects_writable_executable_segment ... ok
talos::rp1_ethernet::tests::rp1_ethernet_bcm54213pe_autoneg_convergence_core_rejects_drift ... ok
talos::rp1_ethernet::tests::rp1_ethernet_bcm54213pe_autoneg_convergence_core_shapes_candidate_and_control ... ok
talos::rp1_ethernet::tests::rp1_ethernet_bcm54213pe_bmcr_autoneg_restart_core_rejects_drift ... ok
talos::rp1_ethernet::tests::rp1_ethernet_bcm54213pe_bmcr_autoneg_restart_core_shapes_candidate_and_control ... ok
talos::rp1_ethernet::tests::rp1_ethernet_bcm54213pe_boot_transport_sentinel_core_is_no_ethernet_no_mdio ... ok
talos::rp1_ethernet::tests::rp1_ethernet_bcm54213pe_boot_transport_sentinel_core_rejects_target_facts ... ok
talos::rp1_ethernet::tests::rp1_ethernet_bcm54213pe_master_mode_autoneg_source_contract_rejects_drift ... ok
talos::rp1_ethernet::tests::rp1_ethernet_bcm54213pe_master_mode_autoneg_source_contract_shapes_candidate_and_control ... ok
talos::rp1_ethernet::tests::rp1_ethernet_bcm54213pe_master_mode_source_contract_rejects_drift ... ok
talos::rp1_ethernet::tests::rp1_ethernet_bcm54213pe_master_mode_source_contract_shapes_candidate_and_control ... ok
talos::rp1_ethernet::tests::rp1_ethernet_bcm54213pe_readonly_preflight_formats_candidate_report ... ok
talos::rp1_ethernet::tests::rp1_ethernet_bcm54213pe_readonly_preflight_formats_paired_control ... ok
talos::rp1_ethernet::tests::rp1_ethernet_bcm54213pe_readonly_preflight_hw_proof_core_shapes_candidate_and_control ... ok
talos::rp1_ethernet::tests::rp1_ethernet_bcm54213pe_readonly_preflight_rejects_shape_and_overclaims ... ok
talos::rp1_ethernet::tests::rp1_ethernet_bcm54213pe_readonly_preflight_v2_core_adds_freshness_markers ... ok
talos::rp1_ethernet::tests::rp1_ethernet_bcm54213pe_readonly_preflight_v2_core_rejects_drift ... ok
talos::rp1_ethernet::tests::rp1_ethernet_bcm54213pe_rgmii_delay_core_rejects_drift ... ok
talos::rp1_ethernet::tests::rp1_ethernet_bcm54213pe_rgmii_delay_core_shapes_candidate_and_control ... ok
talos::rp1_ethernet::tests::rp1_ethernet_bcm54213pe_tx_selected_read_discriminator_core_rejects_drift ... ok
talos::rp1_ethernet::tests::rp1_ethernet_bcm54213pe_tx_selected_read_discriminator_core_shapes_candidate_and_control ... ok
talos::rp1_ethernet::tests::rp1_ethernet_bootinfo_report_serial_visibility_core_rejects_marker_and_claim_drift ... ok
talos::rp1_ethernet::tests::rp1_ethernet_bootinfo_report_serial_visibility_core_shapes_dual_stage_markers ... ok
talos::rp1_ethernet::tests::rp1_ethernet_clk_eth_ctrl_write_restore_formats_candidate_report ... ok
talos::rp1_ethernet::tests::rp1_ethernet_clk_eth_ctrl_write_restore_formats_paired_control ... ok
talos::rp1_ethernet::tests::rp1_ethernet_clk_eth_ctrl_write_restore_rejects_shape_and_overclaims ... ok
talos::rp1_ethernet::tests::rp1_ethernet_clock_reset_guard_formats_candidate_report ... ok
talos::rp1_ethernet::tests::rp1_ethernet_clock_reset_guard_formats_paired_control ... ok
talos::rp1_ethernet::tests::rp1_ethernet_clock_reset_guard_rejects_overclaims ... ok
talos::rp1_ethernet::tests::rp1_ethernet_clock_reset_guard_rejects_shape_bypass ... ok
talos::rp1_ethernet::tests::rp1_ethernet_clock_reset_write_restore_formats_candidate_report ... ok
talos::rp1_ethernet::tests::rp1_ethernet_clock_reset_write_restore_formats_paired_control ... ok
talos::rp1_ethernet::tests::rp1_ethernet_clock_reset_write_restore_rejects_forbidden_claims ... ok
talos::rp1_ethernet::tests::rp1_ethernet_clock_reset_write_restore_rejects_shape_bypass ... ok
talos::rp1_ethernet::tests::rp1_ethernet_gem_mid_decode_discriminator_formats_candidate_shape ... ok
talos::rp1_ethernet::tests::rp1_ethernet_gem_mid_decode_discriminator_formats_no_mmio_no_ethernet_control ... ok
talos::rp1_ethernet::tests::rp1_ethernet_gem_mid_decode_discriminator_rejects_overclaims ... ok
talos::rp1_ethernet::tests::rp1_ethernet_gem_mid_decode_discriminator_rejects_shape_bypass ... ok
talos::rp1_ethernet::tests::rp1_ethernet_gem_mid_report_formats_candidate_contract ... ok
talos::rp1_ethernet::tests::rp1_ethernet_gem_mid_report_formats_no_mmio_control ... ok
talos::rp1_ethernet::tests::rp1_ethernet_gem_mid_report_rejects_overclaims ... ok
talos::rp1_ethernet::tests::rp1_ethernet_gem_mid_report_rejects_shape_and_contract_bypass ... ok
talos::rp1_ethernet::tests::rp1_ethernet_gpio32_event_clear_guard_formats_candidate_report ... ok
talos::rp1_ethernet::tests::rp1_ethernet_gpio32_event_clear_guard_formats_paired_control ... ok
talos::rp1_ethernet::tests::rp1_ethernet_gpio32_event_clear_guard_rejects_shape_and_overclaims ... ok
talos::rp1_ethernet::tests::rp1_ethernet_gpio32_event_state_formats_candidate_report ... ok
talos::rp1_ethernet::tests::rp1_ethernet_gpio32_event_state_formats_control_and_source_unresolved ... ok
talos::rp1_ethernet::tests::rp1_ethernet_gpio32_event_state_rejects_shape_and_overclaims ... ok
talos::rp1_ethernet::tests::rp1_ethernet_gpio32_phy_reset_preflight_formats_candidate_report ... ok
talos::rp1_ethernet::tests::rp1_ethernet_gpio32_phy_reset_preflight_formats_paired_control ... ok
talos::rp1_ethernet::tests::rp1_ethernet_gpio32_phy_reset_preflight_rejects_shape_and_overclaims ... ok
talos::rp1_ethernet::tests::rp1_ethernet_gpio32_phy_reset_write_restore_guard_formats_candidate_report ... ok
talos::rp1_ethernet::tests::rp1_ethernet_gpio32_phy_reset_write_restore_guard_formats_control_and_blocked ... ok
talos::rp1_ethernet::tests::rp1_ethernet_gpio32_phy_reset_write_restore_guard_rejects_shape_and_overclaims ... ok
talos::rp1_ethernet::tests::rp1_ethernet_kernel_entry_serial_beacon_core_is_earliest_no_ethernet_beacon ... ok
talos::rp1_ethernet::tests::rp1_ethernet_kernel_entry_serial_beacon_core_rejects_broader_claims ... ok
talos::rp1_ethernet::tests::rp1_ethernet_mdio_mpe_enable_guard_formats_candidate_report ... ok
talos::rp1_ethernet::tests::rp1_ethernet_mdio_mpe_enable_guard_formats_paired_control ... ok
talos::rp1_ethernet::tests::rp1_ethernet_mdio_mpe_enable_guard_rejects_shape_and_overclaims ... ok
talos::rp1_ethernet::tests::rp1_ethernet_mdio_phy_id_after_mpe_guard_formats_candidate_report ... ok
talos::rp1_ethernet::tests::rp1_ethernet_mdio_phy_id_after_mpe_guard_formats_paired_control ... ok
talos::rp1_ethernet::tests::rp1_ethernet_mdio_phy_id_after_mpe_guard_rejects_shape_and_overclaims ... ok
talos::rp1_ethernet::tests::rp1_ethernet_mdio_phy_id_guard_formats_candidate_report ... ok
talos::rp1_ethernet::tests::rp1_ethernet_mdio_phy_id_guard_formats_paired_control ... ok
talos::rp1_ethernet::tests::rp1_ethernet_mdio_phy_id_guard_rejects_shape_and_overclaims ... ok
talos::rp1_ethernet::tests::rp1_ethernet_mdio_register_vector_guard_formats_candidate_report ... ok
talos::rp1_ethernet::tests::rp1_ethernet_mdio_register_vector_guard_formats_paired_control ... ok
talos::rp1_ethernet::tests::rp1_ethernet_mdio_register_vector_guard_rejects_shape_and_overclaims ... ok
talos::rp1_ethernet::tests::rp1_ethernet_observed_window_discriminator_formats_candidate_shape ... ok
talos::rp1_ethernet::tests::rp1_ethernet_observed_window_discriminator_formats_no_mmio_no_ethernet_control ... ok
talos::rp1_ethernet::tests::rp1_ethernet_observed_window_discriminator_rejects_overclaims ... ok
talos::rp1_ethernet::tests::rp1_ethernet_observed_window_discriminator_rejects_shape_bypass ... ok
talos::rp1_ethernet::tests::rp1_ethernet_phy1_gigabit_preflight_decodes_selected_registers ... ok
talos::rp1_ethernet::tests::rp1_ethernet_phy1_status_decodes_accepted_v4_vector ... ok
talos::rp1_ethernet::tests::rp1_ethernet_prereq_ownership_formats_candidate_report ... ok
talos::rp1_ethernet::tests::rp1_ethernet_prereq_ownership_formats_paired_control ... ok
talos::rp1_ethernet::tests::rp1_ethernet_prereq_ownership_rejects_overclaims ... ok
talos::rp1_ethernet::tests::rp1_ethernet_prereq_ownership_rejects_shape_bypass ... ok
talos::runtime_console::tests::default_console_input_names_unavailable_and_backend_error_outcomes ... ok
talos::runtime_console::tests::default_console_input_reports_byte_and_no_data_outcomes ... ok
talos::runtime_console::tests::default_console_output_uses_named_runtime_console_boundary ... ok
talos::runtime_console::tests::runtime_console_names_the_default_kernel_console ... ok
talos::runtime_console::tests::runtime_console_reports_backend_write_failure ... ok
talos::runtime_console::tests::runtime_console_routes_formatted_kernel_text_to_backend ... ok
talos::runtime_console::tests::runtime_console_routes_static_kernel_text_to_backend ... ok
talos::runtime_console::tests::runtime_console_routes_user_bytes_to_backend ... ok
talos::scheduler::tests::context_frame_bootstrap_records_thread_entry_and_argument ... ok
talos::scheduler::tests::context_frame_layout_matches_aarch64_switch_offsets ... ok
talos::scheduler::tests::cpu_local_preemption_cycle_keeps_pending_request_after_no_runnable_error ... ok
talos::scheduler::tests::cpu_local_preemption_cycle_rejects_mismatched_current_task_before_service ... ok
talos::scheduler::tests::cpu_local_preemption_cycle_rejects_wrong_owner_before_queue_mutation ... ok
talos::scheduler::tests::cpu_local_preemption_cycle_services_owner_local_pending_request ... ok
talos::scheduler::tests::cpu_local_scheduler_service_drains_wakes_dispatches_and_refreshes_metadata ... ok
talos::scheduler::tests::cpu_local_scheduler_service_handles_timer_preemption_before_metadata_refresh ... ok
talos::scheduler::tests::cpu_local_scheduler_service_preserves_explicit_error_boundaries ... ok
talos::scheduler::tests::kernel_stack_records_bounds_without_owning_process_resources ... ok
talos::scheduler::tests::kernel_thread_starts_runnable_without_process_owner ... ok
talos::scheduler::tests::load_balancing_policy_rejects_destination_backpressure_before_publication ... ok
talos::scheduler::tests::load_balancing_policy_rejects_invalid_destination_role_and_cpu_id ... ok
talos::scheduler::tests::load_balancing_policy_rejects_shared_backpressure_and_preserves_single_owner_queue ... ok
talos::scheduler::tests::load_balancing_policy_rejects_stale_plan_without_source_queue_mutation ... ok
talos::scheduler::tests::load_balancing_policy_selects_front_candidate_and_publishes_shared_handoff ... ok
talos::scheduler::tests::logical_cpu_id_preserves_cpu_local_owner_identity ... ok
talos::scheduler::tests::make_runnable_rejects_full_queue_without_mutating_task_or_counters ... ok
talos::scheduler::tests::per_core_preemption_state_records_only_local_timer_requests ... ok
talos::scheduler::tests::per_core_scheduler_keeps_secondary_dispatch_deferred ... ok
talos::scheduler::tests::per_core_scheduler_local_queue_keeps_single_core_invariants ... ok
talos::scheduler::tests::per_core_scheduler_records_boot_cpu_owner_and_current_task ... ok
talos::scheduler::tests::per_core_scheduler_rejects_cross_owner_queue_mutation ... ok
talos::scheduler::tests::preemption_state_defers_service_while_disabled_and_balances_nested_sections ... ok
talos::scheduler::tests::process_owner_is_explicit_future_extension_point ... ok
talos::scheduler::tests::production_scheduler_runtime_records_timer_irq_without_scheduler_mutation ... ok
talos::scheduler::tests::production_scheduler_runtime_rejects_unowned_or_deferred_timer_irq_recording ... ok
talos::scheduler::tests::production_scheduler_runtime_services_pending_preemption_owner_locally ... ok
talos::scheduler::tests::production_secondary_diagnostic_dispatches_only_local_runnable_task ... ok
talos::scheduler::tests::production_secondary_diagnostic_rejects_cross_owner_dispatch ... ok
talos::scheduler::tests::production_secondary_diagnostic_rejects_mismatched_or_nonrunnable_task ... ok
talos::scheduler::tests::remote_wake_queue_coalesces_duplicate_task_requests ... ok
talos::scheduler::tests::remote_wake_queue_rejects_overflow_and_cross_owner_consumption ... ok
talos::scheduler::tests::remote_wake_queue_rejects_self_and_wrong_target_publication ... ok
talos::scheduler::tests::runnable_queue_dequeues_in_fifo_order_and_resets_when_empty ... ok
talos::scheduler::tests::runnable_queue_removes_middle_and_preserves_fifo_order ... ok
talos::scheduler::tests::runnable_queue_removes_wrapped_entry_and_keeps_tail_reusable ... ok
talos::scheduler::tests::runnable_queue_wraps_tail_and_rejects_overflow ... ok
talos::scheduler::tests::scheduler_tracks_state_transition_when_making_task_runnable ... ok
talos::scheduler::tests::secondary_scheduler_service_loop_consumes_remote_wake_without_dispatch ... ok
talos::scheduler::tests::secondary_scheduler_service_loop_dispatches_local_runnable_task ... ok
talos::scheduler::tests::secondary_scheduler_service_loop_handles_timer_preemption_before_dispatch ... ok
talos::scheduler::tests::secondary_scheduler_service_loop_rejects_deferred_secondary_role ... ok
talos::scheduler::tests::secondary_scheduler_service_loop_rejects_wrong_owner_before_consuming_wake ... ok
talos::scheduler::tests::secondary_scheduler_service_loop_reports_no_work_after_metadata_refresh ... ok
talos::scheduler::tests::shared_run_queue_destination_consumes_and_updates_metadata_owner ... ok
talos::scheduler::tests::shared_run_queue_lock_wraps_only_shared_handoff_queue ... ok
talos::scheduler::tests::shared_run_queue_publishes_migration_without_cross_owner_local_enqueue ... ok
talos::scheduler::tests::shared_run_queue_rejects_deferred_destination_and_duplicate_local_enqueue ... ok
talos::scheduler::tests::shared_run_queue_rejects_running_blocked_duplicate_and_full_cases ... ok
talos::scheduler::tests::shared_run_queue_rejects_stale_generation_without_source_queue_mutation ... ok
talos::scheduler::tests::shared_scheduler_metadata_lock_protects_metadata_table_only ... ok
talos::scheduler::tests::shared_scheduler_metadata_refresh_tracks_owner_local_membership ... ok
talos::scheduler::tests::shared_scheduler_metadata_registers_local_task_snapshot ... ok
talos::scheduler::tests::shared_scheduler_metadata_rejects_cross_owner_publication_without_queue_mutation ... ok
talos::scheduler::tests::shared_scheduler_metadata_rejects_duplicate_and_unknown_tasks ... ok
talos::scheduler::tests::shared_scheduler_metadata_rejects_invalid_owner_and_task_id_zero ... ok
talos::scheduler::tests::target_owned_wake_consumption_makes_only_local_blocked_task_runnable ... ok
talos::scheduler::tests::target_owned_wake_consumption_rejects_cross_owner_and_nonlocal_tasks ... ok
talos::scheduler::tests::target_owned_wake_consumption_rejects_duplicate_local_enqueue ... ok
talos::scheduler::tests::task_can_be_marked_running_without_context_switch_implementation ... ok
talos::scheduler::tests::task_id_rejects_zero_and_preserves_scheduler_local_value ... ok
talos::scheduler::tests::timer_preempt_allows_one_slot_queue_by_dequeuing_before_requeue ... ok
talos::scheduler::tests::timer_preempt_requeues_current_without_counting_voluntary_yield ... ok
talos::scheduler::tests::voluntary_yield_allows_one_slot_queue_by_dequeuing_before_requeue ... ok
talos::scheduler::tests::voluntary_yield_rejects_non_running_or_empty_dispatch ... ok
talos::scheduler::tests::voluntary_yield_requeues_current_and_counts_dispatch_switch ... ok
talos::smoke_test_runs ... ok
talos::smp::tests::controlled_workload_records_progress_and_completion ... ok
talos::smp::tests::core_lifecycle_names_match_bringup_contract ... ok
talos::smp::tests::per_core_state_records_identity_stack_and_handoff ... ok
talos::smp::tests::pi5_mpidr_affinity_maps_four_cortex_a76_cores ... ok
talos::smp::tests::republish_identity_refreshes_identity_without_resetting_progress ... ok
talos::smp::tests::stack_layout_gives_each_possible_core_a_distinct_slot ... ok
talos::smp_sync::tests::irqsave_lock_composes_mask_before_guard_and_restores_on_drop ... ok
talos::smp_sync::tests::smp_full_barrier_is_callable_from_tests ... ok
talos::smp_sync::tests::spin_lock_guard_mutates_and_releases_on_drop ... ok
talos::smp_sync::tests::spin_lock_is_non_recursive_by_policy ... ok
talos::smp_sync::tests::spin_lock_starts_unlocked_and_try_lock_sets_state ... ok
talos::syscall::tests::copy_probe_dispatch_reports_fault_for_unmapped_user_range ... ok
talos::syscall::tests::copy_probe_dispatch_uses_explicit_mapping_and_backing_storage ... ok
talos::syscall::tests::copy_probe_number_is_unknown_outside_proof_dispatch ... ok
talos::syscall::tests::descriptor_close_number_requires_context_in_scalar_dispatch ... ok
talos::syscall::tests::descriptor_dup_number_requires_context_in_scalar_dispatch ... ok
talos::syscall::tests::descriptor_open_number_requires_initramfs_context_in_scalar_dispatch ... ok
talos::syscall::tests::descriptor_read_number_requires_context_in_scalar_dispatch ... ok
talos::syscall::tests::descriptor_shaped_ping_control_completes_single_runtime_pump_lifecycle ... ok
talos::syscall::tests::descriptor_shaped_ping_control_maps_caller_receive_buffer_pressure_to_enospc ... ok
talos::syscall::tests::descriptor_shaped_ping_control_maps_descriptor_capacity_retry_timeout_and_io_errors ... ok
talos::syscall::tests::descriptor_write_dispatch_preserves_scalar_syscall_regressions ... ok
talos::syscall::tests::descriptor_write_number_requires_context_in_scalar_dispatch ... ok
talos::syscall::tests::ping_operation_syscall_substitute_completes_unresolved_arp_to_echo_reply ... ok
talos::syscall::tests::ping_operation_syscall_substitute_maps_descriptor_and_device_errors ... ok
talos::syscall::tests::posix_error_vocabulary_encodes_as_negative_errno_x0_values ... ok
talos::syscall::tests::process_local_ping_descriptor_control_completes_lifecycle_through_process_descriptor ... ok
talos::syscall::tests::process_local_ping_descriptor_control_maps_capacity_busy_closed_retry_timeout_and_io_errors ... ok
talos::syscall::tests::process_local_ping_dispatch_completes_lifecycle_through_dispatch_shape ... ok
talos::syscall::tests::process_local_ping_dispatch_maps_descriptor_capacity_and_runtime_errors ... ok
talos::syscall::tests::process_local_ping_user_arguments_complete_lifecycle_and_copy_outputs ... ok
talos::syscall::tests::process_local_ping_user_arguments_reject_malformed_owner_descriptor_capacity_and_buffers ... ok
talos::syscall::tests::runtime_ping_syscall_substitute_completes_unresolved_arp_to_echo_reply_through_runtime_pump ... ok
talos::syscall::tests::runtime_ping_syscall_substitute_keeps_local_responder_working_with_open_descriptor ... ok
talos::syscall::tests::runtime_ping_syscall_substitute_maps_descriptor_capacity_timeout_and_device_errors ... ok
talos::syscall::tests::scalar_argument_view_preserves_x0_through_x5_values ... ok
talos::syscall::tests::socket_number_requires_socket_table_context_in_scalar_dispatch ... ok
talos::syscall::tests::stable_svc_immediate_is_zero_and_diagnostic_marker_is_not_stable ... ok
talos::syscall::tests::syscall_number_zero_dispatches_to_talos_nop_success ... ok
talos::syscall::tests::talos_close_failures_are_deterministic_and_do_not_mutate_on_einval ... ok
talos::syscall::tests::talos_close_preserves_duplicate_descriptor_lifetime ... ok
talos::syscall::tests::talos_close_stderr_uses_the_same_table_local_rule ... ok
talos::syscall::tests::talos_close_stdout_blocks_later_process_descriptor_write ... ok
talos::syscall::tests::talos_dup_duplicate_remains_writable_after_source_close ... ok
talos::syscall::tests::talos_dup_failures_are_deterministic_and_do_not_mutate_on_einval ... ok
talos::syscall::tests::talos_dup_full_table_returns_emfile_without_mutation ... ok
talos::syscall::tests::talos_dup_stderr_and_stdin_follow_table_local_descriptor_rules ... ok
talos::syscall::tests::talos_dup_stdout_returns_lowest_free_descriptor_and_preserves_source ... ok
talos::syscall::tests::talos_open_initramfs_errors_do_not_allocate_descriptors_or_files ... ok
talos::syscall::tests::talos_open_initramfs_then_read_exposes_regular_file_contents ... ok
talos::syscall::tests::talos_read_copy_faults_do_not_consume_fixed_input ... ok
talos::syscall::tests::talos_read_duplicate_of_stdin_shares_fixed_input_cursor ... ok
talos::syscall::tests::talos_read_fd_errors_do_not_copy_or_consume_input ... ok
talos::syscall::tests::talos_read_initramfs_errors_preserve_file_offset_and_user_memory ... ok
talos::syscall::tests::talos_read_reports_enotsup_for_non_stdin_readable_objects_or_missing_source ... ok
talos::syscall::tests::talos_read_reserved_registers_reject_without_mutation ... ok
talos::syscall::tests::talos_read_short_count_and_eof_are_bounded_to_fixed_input ... ok
talos::syscall::tests::talos_read_stdin_copies_fixed_input_and_advances_after_copy ... ok
talos::syscall::tests::talos_read_zero_length_does_not_consume_or_use_destination ... ok
talos::syscall::tests::talos_socket_close_rejects_wrong_owner_socket_backing ... ok
talos::syscall::tests::talos_socket_errors_are_deterministic_and_do_not_allocate_on_failure ... ok
talos::syscall::tests::talos_socket_opens_af_inet_stream_descriptor_and_close_drops_backing ... ok
talos::syscall::tests::talos_write_backend_failure_is_encoded_as_eio_not_success ... ok
talos::syscall::tests::talos_write_rejects_read_only_and_invalid_descriptors_without_output ... ok
talos::syscall::tests::talos_write_rejects_reserved_registers_and_oversize_lengths_as_einval ... ok
talos::syscall::tests::talos_write_rejects_unmapped_user_ranges_without_output ... ok
talos::syscall::tests::talos_write_stderr_uses_the_same_runtime_console_slice ... ok
talos::syscall::tests::talos_write_stdout_copies_user_bytes_before_runtime_console_output ... ok
talos::syscall::tests::talos_write_zero_length_validates_descriptor_without_console_output ... ok
talos::syscall::tests::unknown_syscall_dispatches_to_negative_enosys ... ok
talos::syscall::tests::vfs_path_errors_do_not_collapse_to_enosys ... ok
talos::syscall::tests::vfs_ping_diagnostic_svc_fixture_completes_vfs_backed_user_lifecycle ... ok
talos::syscall::tests::vfs_ping_diagnostic_svc_fixture_maps_contract_error_controls ... ok
talos::syscall::tests::vfs_ping_diagnostic_svc_fixture_maps_packet_queue_controls ... ok
talos::syscall::tests::vfs_ping_diagnostic_svc_fixture_records_packet_queue_lifecycle ... ok
talos::target::qemu_virt::tests::qemu_mpidr_affinity_maps_four_virt_cpus ... ok
talos::target::rpi5::tests::pi5_uart10_address_matches_bcm2712_soc_range ... ok
talos::target::tests::target_services_include_qemu_console ... ok
talos::tty::tests::canonical_lite_applies_backspace_delete_control_truncation_and_newline ... ok
talos::tty::tests::line_discipline_cancels_current_line_on_ctrl_c ... ok
talos::tty::tests::line_discipline_collapses_newline_forms_to_crlf_echo ... ok
talos::tty::tests::line_discipline_handles_tab_printable_and_editing_bytes ... ok
talos::tty::tests::line_discipline_kills_current_line_on_ctrl_u_without_termination ... ok
talos::tty::tests::line_discipline_marks_control_event_truncation ... ok
talos::tty::tests::line_discipline_records_deferred_control_event_names ... ok
talos::tty::tests::line_discipline_reports_buffer_limit_without_implicit_timeout ... ok
talos::tty::tests::polling_rx_diagnostic_reports_bounded_timeout_without_input ... ok
talos::tty::tests::raw_mode_passes_bytes_without_canonical_translation_or_echo ... ok
test result: ok. 668 passed
qemu-shell-sockdiag-open-close-smoke: PASS classification=host-substitute-shell-sockdiag-open-close-smoke-complete
